No.	Nama	Jenis Cuisine	Alamat	Rating	Jumlah Ulasan	Sumber Rating	Area
1	Osteria GIA	Italian	Pacific Place Mall, Ground Level Unit G-05D, SCBD Lot. 3, Jl. Jend. Sudirman kav 52-53 South No.5, RT.5/RW.3, Senayan, Kec. Kby. Baru, Jakarta, Daerah Khusus Ibukota Jakarta 12190, Indonesia	4,9	4877	Google	Plaza Indonesia, Jakarta Pusat
2	Bistecca	Italian / Steakhouse	18 Parc Place SCBD Tower C Ground Floor, Jl. Tulodong Atas No.52-53, RT.5/RW.3, Senayan, Kec. Kby. Baru, Kota Jakarta Selatan, Daerah Khusus Ibukota Jakarta 12190, Indonesia	4,6	1792	Google	SCBD, Jakarta Selatan
3	Bottega Ristorante	Italian / European	Gedung Fairgrounds No.Kav 52-53, Jl. Tulodong Atas 2 No.14, RT.5/RW.3, Senayan, Kec. Kby. Baru, Kota Jakarta Selatan, Daerah Khusus Ibukota Jakarta 12190, Indonesia	4,5	1502	Google	SCBD, Jakarta Selatan
4	The Garden Osteria	Italian	1, Jl. Suryo No.38, RT.10/RW.3, Rw. Bar., Kec. Kby. Baru, Kota Jakarta Selatan, Daerah Khusus Ibukota Jakarta 12180, Indonesia	4,7	3058	Google	Jakarta Selatan
5	ORO Italian Restaurant	Italian	Jl. Kemang Raya No.2h, RT.14/RW.1, Bangka, Kec. Mampang Prpt., Kota Jakarta Selatan, Daerah Khusus Ibukota Jakarta 12730, Indonesia	4,8	1467	Google	Kemang, Jakarta Selatan
6	Emilia Cucina Italiana	Italian	Jl. Biduri Bulan Blok I No.03, RT.6/RW.1, Grogol Utara, Kec. Kebayoran Lama, Kota Jakarta Selatan, Daerah Khusus Ibukota Jakarta 12210, Indonesia	4,8	4776	Google	Beberapa lokasi
7	Caffe Milano	Italian	Central Dept. Store, Grand Indonesia East Mall, Jl. M.H. Thamrin No.1 Ground Floor, RT.1/RW.5, Menteng, Central Jakarta City, Jakarta 10310, Indonesia	4,7	3046	Google	Grand Indonesia, Jakarta Pusat
8	Toscana	Italian	Jl. Kemang Raya No.120, RT.3/RW.2, Perapatan, Kec. Mampang Prpt., Kota Jakarta Selatan, Daerah Khusus Ibukota Jakarta 12730, Indonesia	4,5	1476	Google	Kemang, Jakarta Selatan
9	Mamma Rosy	Italian	Jl. Kemang Raya No.58, RT.8/RW.2, Bangka, Kec. Mampang Prpt., Kota Jakarta Selatan, Daerah Khusus Ibukota Jakarta 12730, Indonesia	4,5	3749	Google	Kemang, Jakarta Selatan
10	Rosso	Italian	Shangri-La Jakarta, Kota BNI, Jl. Jenderal Sudirman No.Kav. 1, RT.10/RW.9, Karet Tengsin, Kecamatan Tanah Abang, Kota Jakarta Pusat, Daerah Khusus Ibukota Jakarta 10220, Indonesia	4,6	160	Google	Shangri-La Hotel, Jakarta Pusat
11	Casa Cuomo Ristorante	Italian	Jl. Gunawarman No.57, RT.4/RW.7, Rw. Bar., Kec. Kby. Baru, Kota Jakarta Selatan, Daerah Khusus Ibukota Jakarta 12180, Indonesia	4,5	806	Google	Gunawarman, Jakarta Selatan
12	Expatriate Italian Restaurant	Italian	Jl. Boulevard Raya QF 3 No.11a 3, RT.13/RW.18, Klp. Gading Bar., Kec. Klp. Gading, Jkt Utara, Daerah Khusus Ibukota Jakarta 14240, Indonesia	4,5	1504	Google	Kelapa Gading, Jakarta Utara
13	AMUZ Gourmet Restaurant	French Fine Dining	The Energy Building (2nd Floor,Lot 11A,SCBD, Jl. Jenderal Sudirman No.Kav. 52-53, RT.5/RW.3, Senayan, Kec. Kby. Baru, Kota Jakarta Selatan, Daerah Khusus Ibukota Jakarta 12190, Indonesia	4,6	482	Google	SCBD, Jakarta Selatan
14	Le Quartier	French Brasserie	Jl. Gunawarman No.34, RT.5/RW.2, Selong, Kec. Kby. Baru, Kota Jakarta Selatan, Daerah Khusus Ibukota Jakarta 12110, Indonesia	4,6	3188	Google	Kebayoran Baru, Jakarta Selatan
15	PIERRE	French Bistro	Jl. Senopati No.39, RT.6/RW.3, Senayan, Kec. Kby. Baru, Kota Jakarta Selatan, Daerah Khusus Ibukota Jakarta 12190, Indonesia	4,7	1267	Google	Senopati, Jakarta Selatan
16	VK SCBD	Modern French	Discovery SCBD, Jl. Jend. Sudirman kav 52-53 No.Lot 11, RT.5/RW.3, Senayan, Kec. Kby. Baru, Kota Jakarta Selatan, Daerah Khusus Ibukota Jakarta 12190, Indonesia	4,6	1809	Google	SCBD, Jakarta Selatan
17	Bistro Baron	French Bistro	Jl. M.H. Thamrin No.28-30 Level 1, RT.9/RW.5, Gondangdia, Kec. Menteng, Kota Jakarta Pusat, Daerah Khusus Ibukota Jakarta 10350, Indonesia	4,4	483	Google	Plaza Indonesia, Jakarta Pusat
18	Alice by Tom Aikens	French Bistro	District 8, SCBD, Lot 28, RT.5/RW.3, Senayan, Kec. Kby. Baru, Kota Jakarta Selatan, Daerah Khusus Ibukota Jakarta 12190, Indonesia	4,8	968	Google	SCBD, Jakarta Selatan
19	Orient8	French-Asian Fusion	Jl. Asia Afrika, RT.1/RW.3, Senayan, Kecamatan Tanah Abang, Kota Jakarta Pusat, Daerah Khusus Ibukota Jakarta 10270, Indonesia	4,8	617	Google	Hotel Mulia Senayan, Jakarta Pusat
20	PAUL Classic	French Bakery / Cafe	GF, SEIBU Grand Indonesia, Jl. MH Thamrin No.1 1, RT.1/RW.5, Kb. Melati, Kec. Menteng, Kota Jakarta Pusat, Daerah Khusus Ibukota Jakarta 10310, Indonesia	4,6	4051	Google	Pacific Place, Jakarta Selatan
21	Sophie Authentique	French Bistro / Bakery	Jl. Cipete Raya No.11, RT.6/RW.3, Cipete Sel., Kec. Cilandak, Kota Jakarta Selatan, Daerah Khusus Ibukota Jakarta 12410, Indonesia	4,5	706	Google	Cipete, Jakarta Selatan
22	Lyon	French / Steakhouse	Jl. M.H. Thamrin, Menteng, Kec. Menteng, Jakarta, Daerah Khusus Ibukota Jakarta 10310, Indonesia	4,6	-	Google	Menteng, Jakarta Pusat
23	Edogin	Japanese	Jl. Asia Afrika, RT.1/RW.3, Senayan, Kecamatan Tanah Abang, Kota Jakarta Pusat, Daerah Khusus Ibukota Jakarta 10270, Indonesia	5,0	-	Google	Hotel Mulia Senayan, Jakarta Pusat
24	Sushi Hiro	Japanese / Sushi	Jl. Suryo No.24 10, RT.10/RW.3, Kuningan, Rw. Bar., Kec. Kby. Baru, Kota Jakarta Selatan, Daerah Khusus Ibukota Jakarta 12180, Indonesia	4,8	6849	Google	Beberapa mall
25	Okuzono Japanese Dining	Japanese / Izakaya	10, Jl. Suryo No.1 10, RT.10/RW.3, Rw. Bar., Kec. Kby. Baru, Kota Jakarta Selatan, Daerah Khusus Ibukota Jakarta 12180, Indonesia	4,6	2923	Google	Senopati, Jakarta Selatan
26	Kikugawa	Japanese	Jl. Cikini IV No.20, RT.15/RW.5, Cikini, Kec. Menteng, Kota Jakarta Pusat, Daerah Khusus Ibukota Jakarta 10330, Indonesia	4,6	1815	Google	Cikini, Jakarta Pusat
27	Enmaru	Japanese / Omakase	The Plaza Office Tower 46th Floor, Jl. M.H. Thamrin No.Kav.28 - 30, RT.9/RW.5, Gondangdia, Kec. Menteng, Kota Jakarta Pusat, Daerah Khusus Ibukota Jakarta 10350, Indonesia	4,6	322	Google	Altira/Central, Jakarta
28	OKU Jakarta	Japanese Fusion	Hotel Indonesia Kempinski Jakarta, Jl. MH Thamrin No.1, Menteng, Kec. Menteng, Kota Jakarta Pusat, Daerah Khusus Ibukota Jakarta 10310, Indonesia	4,7	686	Google	Hotel Indonesia Kempinski, Menteng, Jakarta Pusat
29	Asuka Japanese Dining	Japanese / Omakase	JW Marriott Hotel Jakarta Jalan DR Ide Anak Agung Gde Agung Kav E, Kawasan Mega Kuningan No.1 2 No. 1 & 2, RT.5/RW.2, Kuningan, Kuningan Tim., Kecamatan Setiabudi, Kota Jakarta Selatan, Daerah Khusus Ibukota Jakarta 12950, Indonesia	4,6	227	Google	Kuningan, Jakarta Selatan
30	Kahyangan	Japanese / Teppanyaki	Wisma Nusantara Lantai 28-30 Jalan M.H. Thamrin Kav. 59, Menteng, RT.9/RW.5, Gondangdia, Kec. Menteng, Kota Jakarta Pusat, Daerah Khusus Ibukota Jakarta 10350, Indonesia	4,6	265	Google	Menteng, Jakarta Pusat
31	Sakana Midplaza	Japanese / Izakaya	Midplaza 1 Building, B Floor, Jl. Jend. Sudirman Kav. 10-11, Karet Tengsin, Kecamatan Tanah Abang, Kota Jakarta Pusat, Daerah Khusus Ibukota Jakarta 10220	4,5	891	Google	Tanah Abang, Jakarta Pusat
32	Henshin	Nikkei (Japanese-Peruvian)	Jl. H. R. Rasuna Said No.69 Kav. C22A, RT.2/RW.5, Karet Kuningan, Kecamatan Setiabudi, Kota Jakarta Selatan, Daerah Khusus Ibukota Jakarta 12940, Indonesia	4,6	2354	Google	The Westin, Kuningan, Jakarta Selatan
33	Twelve Chinese Dining	Modern Chinese	Jl. Dr. Kusuma Atmaja No.75, RT.10/RW.4, Menteng, Kec. Menteng, Jakarta, Daerah Khusus Ibukota Jakarta 10310, Indonesia	4,6	1632	Google	Menteng, Jakarta Pusat
34	Li Feng	Cantonese Fine Dining	Jl. M.H. Thamrin, RT.1/RW.5, Menteng, Kec. Menteng, Jakarta, Daerah Khusus Ibukota Jakarta 10310, Indonesia	4,6	725	Google	Mandarin Oriental, Menteng, Jakarta Pusat
35	Table8	Cantonese / Dim Sum	Hotel Mulia Jakarta, Jl. Asia Afrika, RT.1/RW.3, Gelora, Kecamatan Tanah Abang, Kota Jakarta Pusat, Daerah Khusus Ibukota Jakarta 10270, Indonesia	4,6	1168	Google	Hotel Mulia, Tanah Abang, Jakarta Pusat
36	Pearl Chinese Restaurant	Cantonese / Dim Sum	JW Marriott Hotel, Kawasan Mega Kuningan, Jl. DR. Ide Anak Agung Gde Agung No.1, RT.5/RW.2, Kuningan, Kuningan Tim., Kecamatan Setiabudi, Kota Jakarta Selatan, Daerah Khusus Ibukota Jakarta 12950, Indonesia	4,6	445	Google	JW Marriott, Kuningan, Jakarta Selatan
37	Taste Paradise	Chinese / Dim Sum	Plaza Indonesia South Lobby, Level 4, RT.9/RW.5, Gondangdia, Kec. Menteng, Kota Jakarta Pusat, Daerah Khusus Ibukota Jakarta 10350, Indonesia	4,6	993	Google	Menteng, Jakarta Pusat
38	Din Tai Fung	Taiwanese / Chinese	Plaza Senayan Arcadia, Ground Floor, Jl. New Delhi No.9 Unit X101-103, RT.1/RW.3, Gelora, Jakarta, Kota Jakarta Pusat, Daerah Khusus Ibukota Jakarta 10270, Indonesia	4,9	2025	Google	PIK, Jakarta Utara
39	Angke Restaurant	Hakka Chinese	Jl. Kyai Haji Zainul Arifin, RT.4/RW.7, Krukut, Kec. Taman Sari, Kota Jakarta Barat, Daerah Khusus Ibukota Jakarta 11140, Indonesia	4,5	6630	Google	Ketapang, Jakarta Barat
40	Teratai	Cantonese	Jl. Lap. Banteng Selatan, Ps. Baru, Kecamatan Sawah Besar, Kota Jakarta Pusat, Daerah Khusus Ibukota Jakarta 10710, Indonesia	4,5	-	Google	Hotel Borobudur, Jakarta Pusat
41	Ruth's Chris Steak House	Steakhouse	Ground Floor, Somerset Grand Citra Jakarta, Ciputra World, Jakarta Jl. Prof. DR. Satrio No.Kav 1, RT.5/RW.2, Kuningan, Kuningan Tim., Kecamatan Setiabudi, Kota Jakarta Selatan, Daerah Khusus Ibukota Jakarta 12940, Indonesia	4,6	1405	Google	Kuningan, Jakarta Selatan
42	Wolfgang's Steakhouse	Steakhouse	ELYSEE SCBD Jakarta, Level 6 Rooftop, Lot 21 SCBD RT.7/RW.1, Senayan, Kec. Kby. Baru, Kota Jakarta Selatan, RT.7/RW.1, Senayan, Kec. Kby. Baru, Jakarta, Daerah Khusus Ibukota Jakarta 12190, Indonesia	4,5	1246	Google	SCBD/Senayan, Jakarta
43	Aged + Butchered	Steakhouse	MD Place Mezzanine Level, Jl. Setia Budi Selatan No.7, RT.5/RW.1, Kuningan, Setiabudi, South Jakarta City, Jakarta 12910, Indonesia	4,8	2038	Google	Setiabudi, Jakarta Selatan
44	Cutt & Grill	Steakhouse / Grill	Jl. Suryo No.34, RT.10/RW.3, Rw. Bar., Kec. Kby. Baru, Kota Jakarta Selatan, Daerah Khusus Ibukota Jakarta 12180, Indonesia	4,8	2220	Google	Senopati, Jakarta Selatan
45	Tokyo Skipjack	Japanese Steakhouse	Jl. Bulungan No.20, RT.11/RW.7, Kramat Pela, Kec. Kby. Baru, Kota Jakarta Selatan, Daerah Khusus Ibukota Jakarta 12310, Indonesia	4,6	4320	Google	Kebayoran Baru, Jakarta Selatan
46	Sir Loin	Steakhouse	Jl. Bumi No.20, RT.2/RW.3, Gunung, Kec. Kby. Baru, Kota Jakarta Selatan, Daerah Khusus Ibukota Jakarta 12120, Indonesia	4,7	1144	Google	Kebayoran Baru, Jakarta Selatan
47	El Asador	South American / Steak	Kemang Point Building Ground Floor Jl. Kemang Raya No. 3 Bangka Mampang, Prapatan No.RT.4, RT.4/RW.1, Bangka, Kec. Mampang Prpt., Kota Jakarta Selatan, Daerah Khusus Ibukota Jakarta 17230, Indonesia	4,5	1465	Google	Kemang, Jakarta Selatan
48	Altitude Grill	Steakhouse	The Plaza Office Tower, Jl. M.H. Thamrin No.Kav 28-30, RT.9/RW.5, Gondangdia, Kec. Menteng, Kota Jakarta Pusat, Daerah Khusus Ibukota Jakarta 10350, Indonesia	4,5	489	Google	Plaza Indonesia, Jakarta Pusat
49	ABSteak by Akira Back	Korean Steakhouse	Senayan City, Ground Floor Unit G-119, Jl. Asia Afrika Lot.19, Gelora, Kecamatan Tanah Abang, Kota Jakarta Pusat, Daerah Khusus Ibukota Jakarta 10270	4,6	-	Google	Senayan, Jakarta Pusat
50	Caspar Jakarta	Spanish	Jl. Jend. Sudirman No.36, RT.14/RW.1, Bend. Hilir, Kecamatan Tanah Abang, Jakarta, Daerah Khusus Ibukota Jakarta 10210, Indonesia	4,6	1754	Google	SCBD, Jakarta Selatan
51	Animale Restaurant	Mediterranean / New American	MD Place 11th Floor Jl Setia Budi Selatan No 7, Setia Budi, RT 5, RT.5/RW.1, Kuningan, Setia Budi, Kuningan, Jakarta, Daerah Khusus Ibukota Jakarta 12910, Indonesia	4,7	1405	Google	Setiabudi, Jakarta Selatan
52	SKYE Rooftop	International	BCA Tower Lt. 56, Jl. M.H. Thamrin No. 1, RT.001 / RW.005, Menteng, RT.1/RW.5, Menteng, Kec. Menteng, Kota Jakarta Pusat, Daerah Khusus Ibukota Jakarta 10350, Indonesia	4,6	6276	Google	BCA Tower, Thamrin, Jakarta Pusat
53	Bornga	Korean BBQ	Jl. Wolter Monginsidi No.24, RT.1/RW.6, Petogogan, Kec. Kby. Baru, Kota Jakarta Selatan, Daerah Khusus Ibukota Jakarta 12160, Indonesia	4,7	2138	Google	Kebayoran Baru, Jakarta Selatan
54	Cheongdam Garden	Korean BBQ	Jl. Senopati No.43c, RT.6/RW.3, Senayan, Kec. Kby. Baru, kota administrasi, Daerah Khusus Ibukota Jakarta 12190, Indonesia	4,6	2245	Google	Senopati, Jakarta Selatan
55	Ojju	Korean	Jl. Raya Casablanca No.88 Unit FSU - 35, RT.14/RW.5, Menteng Dalam, Tebet, South Jakarta City, Jakarta 12870, Indonesia	4,6	4342	Google	Kota Kasablanka, Tebet, Jakarta Selatan
56	Seo Seo Galbi	Korean BBQ	Ruko Crown Golf Blok A no 31, RT.6 / RW.2, Pantai Indah Kapuk, Kamal Muara, Penjaringan, RT.6/RW.2, Kamal Muara, Kecamatan Penjaringan, Jkt Utara, Daerah Khusus Ibukota Jakarta 14460, Indonesia	4,7	2165	Google	PIK, Jakarta Utara
57	Legend of Noodle	Korean Noodle	AEON Mall, Jl. Raya Tj. Barat No.163, RT.12/RW.4, Tj. Bar., Kec. Jagakarsa, Kota Jakarta Selatan, Daerah Khusus Ibukota Jakarta 12530, Indonesia	4,6	4305	Google	Senopati, Jakarta Selatan
58	Chung Gi Wa	Korean BBQ	Jl. Wijaya II No.118-119, RT.5/RW.1, Pulo, Kec. Kby. Baru, Kota Jakarta Selatan, Daerah Khusus Ibukota Jakarta 12160, Indonesia	4,4	1974	Google	Wijaya, Kebayoran Baru, Jakarta Selatan
59	Chandara Fine Thai Cuisine	Thai	Plaza Senayan Mall, Jl. Asia Afrika No.3 4 Unit CP No.414, RT.1/RW.1, Gelora, Tanah Abang, Central Jakarta City, Jakarta 10270, Indonesia	4,5	684	Google	Menteng, Jakarta Pusat
60	Thai Street Citywalk	Thai	Citywalk Sudirman, Jl. K.H. Mas Mansyur No.Kav 121 Lt. 1, RT.10/RW.11, Karet Tengsin, Kecamatan Tanah Abang, Kota Jakarta Pusat, Daerah Khusus Ibukota Jakarta 10220, Indonesia	4,8	1996	Google	Sudirman, Jakarta Pusat
61	Jittlada Thai Cuisine	Thai	Grand Indonesia, Jalan Muhammad Husni Thamrin, RT.1/RW.5, Menteng, Kec. Menteng, Kota Jakarta Pusat, Daerah Khusus Ibukota Jakarta 10310, Indonesia	4,6	1099	Google	Grand Indonesia, Jakarta Pusat
62	Tamnak Thai	Thai	Menteng Central - Ground Floor, Jl. HOS. Cokroaminoto No.78 - 80, RT.2/RW.5, Menteng, Kec. Menteng, Kota Jakarta Pusat, Daerah Khusus Ibukota Jakarta 10310, Indonesia	4,5	722	Google	Menteng, Jakarta Pusat
63	SanThai	Thai	Jl. Raya Casablanca No.88 Unit No.28, RT.16/RW.5, Menteng Dalam, Kec. Tebet, Kota Jakarta Selatan, Daerah Khusus Ibukota Jakarta 12870, Indonesia	4,4	1194	Google	Kota Kasablanka, Jakarta Selatan
64	Greyhound Cafe	Thai	Jl. Sunda No.5, RT.8/RW.4, Gondangdia, Kec. Menteng, Kota Jakarta Pusat, Daerah Khusus Ibukota Jakarta 11350, Indonesia	4,6	838	Google	Menteng, Jakarta Pusat
65	The Royal Kitchen	North Indian Fine Dining	Jalan Mega Kuningan Barat. Kav 3-5 The Bellagio Mall Lt.GF Unit 16 Kuningan Timur Setiabudi RT.5, RT.5/RW.2, Kuningan, Kuningan Tim., RT2, Kota Jakarta Selatan, Daerah Khusus Ibukota Jakarta 12950, Indonesia	4,4	1622	Google	Kuningan, Jakarta Selatan
66	Queen's Tandoor	Indian	Plaza Bank Index, Jl. M.H. Thamrin, RT.9/RW.5, Gondangdia, Kec. Menteng, Kota Jakarta Pusat, Daerah Khusus Ibukota Jakarta 10350, Indonesia	4,3	1862	Google	Jakarta Pusat
67	Ganesha Ek Sanskriti	Indian	Center Park, GEDUNG BRI II, Jl. Jenderal Sudirman No.Kav 44-46 9 CP 901, Bend. Hilir, Kecamatan Tanah Abang, Kota Jakarta Pusat, Daerah Khusus Ibukota Jakarta 10210, Indonesia	4,4	1005	Google	BRI 2, Jakarta Pusat
68	Babooji	Indian Contemporary	Jl. Gunawarman No.61, RT.3/RW.7, Rw. Bar., Kec. Kby. Baru, Jakarta, Daerah Khusus Ibukota Jakarta 12180, Indonesia	4,3	579	Google	Gunawarman, Jakarta Selatan
69	Fez-Kinara	Indian / Middle Eastern	Jalan Kemang Raya.78B, RT.4/RW.2 RT.4, RT.4/RW.2, Bangka, Jakarta, Kota Jakarta Selatan, Daerah Khusus Ibukota Jakarta 12730, Indonesia	4,4	1165	Google	Kemang, Jakarta Selatan
70	Salvatore Cuomo	Italian		4,5	-	Google	Gunawarman, Jakarta Selatan
71	Lara Djonggrang	Indonesian Fine Dining	RSVP only at 0811-9108-966, Jl. Teuku Cik Ditiro No.4, RT.3/RW.2, Gondangdia, Kec. Menteng, Kota Jakarta Pusat, Daerah Khusus Ibukota Jakarta 10350, Indonesia	4,5	2173	Google	Menteng, Jakarta Pusat
72	Tugu Kunstkring Paleis	Indonesian / Western	RSVP/Order Online only at 0812-8240-0860, Jl. Teuku Umar No.1, RT.1/RW.1, Gondangdia, Kec. Menteng, Kota Jakarta Pusat, Daerah Khusus Ibukota Jakarta 10350, Indonesia	4,6	4718	Google	Menteng, Jakarta Pusat
73	Namaaz Dining	Indonesian (Molecular)	Jl. Brawijaya VIII No.6A, RT.2/RW.3, Pulo, Kec. Kby. Baru, Kota Jakarta Selatan, Daerah Khusus Ibukota Jakarta 12160, Indonesia	4,6	920	Google	Kebayoran Baru, Jakarta Selatan
74	Plataran Menteng	Indonesian	Jl. HOS. Cokroaminoto No.42, RT.6/RW.4, Gondangdia, Kec. Menteng, Kota Jakarta Pusat, Daerah Khusus Ibukota Jakarta 10350, Indonesia	4,7	5002	Google	Menteng, Jakarta Pusat
75	Kaum Jakarta	Indonesian (Regional)	Jl. Dr. Kusuma Atmaja No.77-79, RT.10/RW.4, Menteng, Kec. Menteng, Kota Jakarta Pusat, Daerah Khusus Ibukota Jakarta 10310, Indonesia	4,6	4180	Google	Menteng, Jakarta Pusat
76	August Jakarta	Indonesian Tasting Menu	Sequis Tower - Ground Floor #03-02, Jl. Jenderal Sudirman No.Kav. 71, RT.5/RW.3, Senayan, Kec. Kby. Baru, Jakarta, Daerah Khusus Ibukota Jakarta 12190, Indonesia	4,6	378	Google	Sudirman, Jakarta Selatan
77	Cafe Batavia	Indonesian / Western	Jl. Kali Besar Timur 4 No.14, RT.7/RW.6, Pinangsia, Kec. Taman Sari, Kota Jakarta Barat, Daerah Khusus Ibukota Jakarta 11110, Indonesia	4,5	9334	Google	Kota Tua, Jakarta Barat
78	Giyanti Coffee Roastery	Cafe / Coffee	Jl. Surabaya No.20, RT.15/RW.5, Menteng, Kec. Menteng, Kota Jakarta Pusat, Daerah Khusus Ibukota Jakarta 10310, Indonesia	4,6	4278	Google	Menteng, Jakarta Pusat
79	Anomali Coffee	Cafe / Coffee	Jl. Teuku Cik Ditiro No.52, RT.10/RW.5, Menteng, Kec. Menteng, Kota Jakarta Pusat, Daerah Khusus Ibukota Jakarta 10310, Indonesia	4,5	5024	Google	Menteng, Jakarta Pusat
80	1/15 Coffee	Cafe / Coffee	Jl. Dr. Kusuma Atmaja No.79 10, RT.10/RW.4, Menteng, Kec. Menteng, Kota Jakarta Pusat, Daerah Khusus Ibukota Jakarta 10310, Indonesia	4,5	2708	Google	Menteng, Jakarta Pusat
81	Lucky Cat Coffee & Kitchen	Cafe	Parkir Selatan Plaza Festival, Jl. H. R. Rasuna Said No.C22 2, RT.2/RW.5, Karet Kuningan, Kecamatan Setiabudi, Kota Jakarta Selatan, Daerah Khusus Ibukota Jakarta 12940, Indonesia	4,4	5626	Google	Kuningan, Jakarta Selatan
82	Bakoel Koffie	Cafe / Coffee	Jl. Cikini Raya No.25, RT.16/RW.1, Cikini, Kec. Menteng, Kota Jakarta Pusat, Daerah Khusus Ibukota Jakarta 10330, Indonesia	4,4	6119	Google	Cikini, Jakarta Pusat
83	Arborea Cafe	Cafe	Manggala Wanabakti complex, Jl. Gatot Subroto No.1, RT.1/RW.3, Gelora, Tanah Abang, Central Jakarta City, Jakarta 10270, Indonesia	4,5	3501	Google	Gatot Subroto, Jakarta Pusat
84	Blumchen Coffee	Cafe	Fairground SCBD Lot 14, Jl. Jend. Sudirman kav 52-53 No.Kav 52-53 5, RT.5/RW.3, Senayan, Kec. Kby. Baru, Kota Jakarta Selatan, Daerah Khusus Ibukota Jakarta 12190, Indonesia	4,5	435	Google	SCBD, Jakarta Selatan
