lokasi,alamat,kota,lat,lon,sumber,confidence,review_status,catatan
HALO NIKO RESTAURANT,"Jl. Pejaten Barat No.16A, RT.1/RW.10, Ragunan, Kec. Pasar Minggu, Kota Jakarta Selatan, DKI Jakarta 12540",Jakarta Selatan,-6.2887,106.8254,https://pergikuliner.com/restaurants/jakarta/haloniko-mini-pasar-minggu,medium,needs_review,"Alamat Jl. Pejaten Barat No.16A untuk cabang 'HaloNiko! Mini' Pasar Minggu dikonfirmasi oleh Tripadvisor, Wanderlog, dan Manual Jakarta. Sumber pergikuliner.com plausibel untuk ulasan restoran meskipun bukan sumber resmi. Namun HaloNiko! memiliki beberapa cabang (Mampang Prapatan, SCBD/Sudirman); perlu dipastikan cabang mana yang dimaksud konteks acara. Jika nama 'HALO NIKO RESTAURANT' merujuk cabang utama, ini adalah alamat yang paling tepat."
"PULAU SEPA, KEPULAUAN SERIBU","Pulau Sepa, Kepulauan Seribu Utara, Kabupaten Administrasi Kepulauan Seribu, DKI Jakarta",Kepulauan Seribu,-5.5800,106.6167,"https://www.sepaislandresort.com/home, https://pulausepa.com/",medium,needs_review,"Pulau Sepa dikonfirmasi berada di Kepulauan Seribu, DKI Jakarta (administratif benar). Tidak ada alamat jalan (wajar untuk pulau). Koordinat (-5.5800, 106.6167) berada di ujung utara rentang Kepulauan Seribu (5°23'–5°40' LS, 106°25'–106°44' BT) — plausibel tapi bersifat perkiraan karena koordinat spesifik pulau ini tidak terverifikasi dari sumber terbuka. Sumber sepaislandresort.com dan pulausepa.com tidak dapat di-fetch (HTTP 403) sehingga tidak bisa dikonfirmasi langsung."
KEDUTAAN BESAR PALESTINA,"Jl. Diponegoro No. 59, Menteng, Jakarta Pusat, DKI Jakarta 10310",Jakarta Pusat,-6.1967,106.8362,"https://www.visahq.id/palestine/embassy/indonesia/, https://aid-air.com/en/embassy-consulate/palestine/embassy-of-palestine-in-jakarta-indonesia/",medium,needs_review,"Alamat Jl. Diponegoro No. 59, Menteng, Jakarta Pusat 10310 dikonfirmasi oleh VisaHQ dan beberapa direktori kedutaan. Namun terdapat inkonsistensi di berbagai sumber: sebagian menyebut Jl. Ki Mangunsarkoro No. 64 (Menteng, juga Jakarta Pusat 10310) dan satu sumber menyebut Jl. Pangeran Diponegoro No. 49. Koordinat (-6.1967, 106.8362) masuk akal untuk kawasan Menteng. Lokasi bukan di Kuningan/Jaksel seperti yang disebutkan satu sumber — itu kemungkinan keliru. Perlu verifikasi langsung ke kedutaan untuk kepastian nomor jalan yang benar."
STADION SEPAK BOLA LAPANGAN BANTENG,"Jalan Lapangan Banteng Selatan, Pasar Baru, Kec. Sawah Besar, Kota Jakarta Pusat, DKI Jakarta 10710",Jakarta Pusat,-6.1688,106.8339,https://pusat.jakarta.go.id/kelurahan/kelurahan-pasar-baru/fasilitas/taman-hutan-kota/taman-lapangan-banteng; https://en.wikipedia.org/wiki/Lapangan_Banteng,medium,needs_review,"Tidak ada 'Stadion Sepak Bola' formal di Lapangan Banteng — yang ada hanyalah lapangan rumput terbuka di dalam Taman Lapangan Banteng yang digunakan untuk turnamen kecil (dikonfirmasi oleh Tabloid BOLA dan Wikipedia). Sumber pertama merujuk ke halaman taman, bukan stadion. Alamat hanya di level kawasan/taman, bukan level gedung stadion. Kecamatan Sawah Besar, Jakarta Pusat secara administratif benar."
"YAMAHA MUSIC CENTER BUILDING, SD NOTRE DAME & AULA MAFTUCHAH YUSUF UNJ, JAKARTA","Jl. Jend. Gatot Subroto Kav. 4, Karet Semanggi, Setiabudi, Jakarta Selatan 12930",Jakarta Selatan,-6.2093,106.8230,"https://ulasantempat.com/jakarta/yamaha-music-center-building-50695, https://id.yamaha.com/id/find/facilities/auditorium/",medium,needs_review,"The lokasi string names THREE distinct venues: (1) Yamaha Music Center Building — Jl. Gatot Subroto Kav. 4, Jakarta Selatan (confirmed by ulasantempat.com, streetdirectory.com, and Yamaha Indonesia official site); (2) SD Notre Dame — Jl. Puri Kembang Barat Raya Blok M, Kembangan Selatan, Jakarta Barat; (3) Aula Maftuchah Yusuf UNJ — Gedung Dewi Sartika Lt. 2, Kampus A UNJ, Jl. Rawamangun Muka No. 1, Jakarta Timur. The address returned covers only the first venue. A single address and coordinate pair cannot represent all three venues, which span three different kota. The Yamaha address itself is correct. Needs disambiguation into separate entries."
KSYE,,,,,,not_found,needs_review,"Tidak ditemukan venue bernama 'KSYE' di Jakarta dalam pencarian web. Kemungkinan typo dari 'SKYE' (rooftop bar di BCA Tower lt. 56, Jl. MH Thamrin No. 1, Jakarta Pusat) namun ini spekulatif. Tidak cukup bukti untuk menerima atau menolak dengan yakin — perlu konfirmasi dari sumber data asli event. Nilai dikosongkan karena tidak ada yang dapat dikonfirmasi."
AULA SIMFONIA JAKARTA,"Jl. Industri Raya Blok B Kav. 1 No. 14, Pademangan Timur, Kemayoran, Jakarta Pusat 10610",Jakarta Pusat,-6.1522,106.8463,https://aulasimfoniajakarta.com/en,medium,needs_review,"Alamat dikonfirmasi oleh banyak sumber (Wikipedia, idfirms.com, ulasantempat.com): Jl. Industri Raya Blok B No.14, Pademangan Timur. Namun ada ketidakkonsistenan administratif: kelurahan Pademangan Timur secara resmi masuk kecamatan Pademangan (Jakarta Utara), bukan Kemayoran (Jakarta Pusat). Venue sering disebut 'di Kemayoran, Jakarta Pusat' secara informal. Perlu verifikasi kota administratif yang tepat. Sumber asli (worldconcerthall.com) diganti ke situs resmi yang lebih kredibel."
BLOK M HUB,"Jl. Sultan Hasanuddin Dalam, Melawai, Kebayoran Baru, Jakarta Selatan 12160",Jakarta Selatan,,,"https://kumparan.com/jendela-dunia/blok-m-hub-jaksel-pusat-modernitas-yang-dekat-dengan-terminal-dan-stasiun-25E4DtHoRiy, https://www.traveloka.com/id-id/explore/destination/info-lengkap-seputar-blok-m-hub-alamat-jam-buka-fasilitas-dan-daftar-tenant-gt/611393",high,needs_review,"Alamat dan kota (Jakarta Selatan, Kebayoran Baru) dikonfirmasi oleh kumparan.com dan Waze. Sumber valid. Namun koordinat kosong — perlu dilengkapi (sekitar -6.2437, 106.7992 berdasarkan posisi Terminal Blok M). Status needs_review semata karena lat/lon hilang."
PUSAT GROSIR TANAH ABANG,"Jl. K.H. Fachrudin, Kampung Bali, Tanah Abang, Jakarta Pusat 10250",Jakarta Pusat,-6.2135,106.8110,"https://www.pasarjaya.co.id/pasar/upb-tanah-abang-blok-a, https://www.waze.com/live-map/directions/id/daerah-khusus-ibukota-jakarta/pusat-grosir-metro-tanah-abang?to=place.ChIJNVDDTSr3aS4RdLGGDxd75TM",medium,needs_review,"Kawasan Tanah Abang di Jakarta Pusat sudah benar secara administratif. Namun ada inkonsistensi: alamat yang diberikan (Jl. K.H. Fachrudin) merujuk ke Blok B, sedangkan sumber pertama (pasarjaya.co.id) adalah untuk Blok A yang beralamat di Jl. K.H. Mas Mansyur. 'Pusat Grosir Tanah Abang' sebagai nama generik mencakup beberapa gedung (Blok A, Blok B, Pusat Grosir Metro), sehingga tidak ada satu alamat tunggal yang representatif. Perlu klarifikasi gedung spesifik yang dimaksud."
"JL. SADAR RAYA RT 001 RW 005 KELURAHAN CIGANJUR, KECAMATAN JAGAKARSA, JAKARTA SELATAN","Jl. Sadar Raya RT.001/RW.005, Kelurahan Ciganjur, Kecamatan Jagakarsa, Kota Jakarta Selatan, DKI Jakarta 12630",Jakarta Selatan,-6.2818,106.7922,https://kodepos.id/jalan/jalan-sadar-jagakarsa-jakarta-selatan-dki-jakarta-12630.html,medium,needs_review,"Kodepos 12630 untuk Ciganjur, Jagakarsa, Jakarta Selatan terkonfirmasi. Alamat lengkap sesuai string asli. Koordinat hanya perkiraan kelurahan — RT/RW spesifik tidak dapat diverifikasi dari sumber terbuka. Sumber kedua asli (maps7.com) adalah situs tidak dikenal dan tidak dapat diandalkan; hanya kodepos.id yang dipertahankan."
"HALAMAN PANTI NUGRAHA, JL. BANGO RAYA NO.45 8, RT.8/RW.3, PD. LABU, KEC. CILANDAK, KOTA JAKARTA, SELATAN, DAERAH KHUSUS IBUKOTA JAKARTA 12450","Jl. Bango Raya No.45-8, RT.8/RW.3, Pd. Labu, Kec. Cilandak, Kota Jakarta Selatan, DKI Jakarta 12450",Jakarta Selatan,,,,medium,needs_review,"Alamat diambil langsung dari string lokasi asli — tidak ada sumber eksternal yang digunakan. Pencarian menemukan Yayasan Panti Nugraha di Jl. Bango Raya, Pondok Labu, Cilandak, Jakarta Selatan, namun nomor jalan yang ditemukan adalah No.44 (bukan No.45-8). Kemungkinan nomor dalam string asli mengandung penulisan non-standar ('45 8' mungkin berarti 45-8 atau 458). Lokasi administratif Cilandak, Jakarta Selatan secara umum benar. Perlu verifikasi nomor jalan yang tepat dan penambahan koordinat."
"PENJARINGAN, JAKARTA UTARA","Kecamatan Penjaringan, Kota Jakarta Utara, DKI Jakarta",Jakarta Utara,-6.1289,106.8094,"https://id.wikipedia.org/wiki/Penjaringan,_Jakarta_Utara",low,needs_review,"Ini adalah nama kecamatan (wilayah administratif), bukan venue spesifik. Tidak ada alamat street-level yang dapat diberikan untuk suatu 'lokasi' tunggal. Perlu klarifikasi: venue apa yang dimaksud di Penjaringan? Jika yang dimaksud adalah suatu acara/pertunjukan, lokasi pastinya harus dikonfirmasi. Sumber utara.jakarta.go.id dihapus karena subdomain tersebut tidak dapat diverifikasi kebenarannya."
WILAYAH JAKARTA UTARA,,Jakarta Utara,-6.1384,106.8829,,low,needs_review,"Refers to the entire North Jakarta administrative area (kota/wilayah), not a specific venue. No street address is applicable. Coordinates are a rough centroid of Jakarta Utara, not a point of interest. Cannot be resolved to a single address without knowing which specific venue within Jakarta Utara is intended."
"PLUMPANG SEMPER, KOJA, JAKARTA UTARA","Jl. Plumpang Semper, Tugu Utara, Kecamatan Koja, Jakarta Utara 14260",Jakarta Utara,-6.1258,106.8870,https://kodepos.id/jalan/jalan-plumpang-semper-dki-jakarta-koja-jakarta-utara-dki-jakarta-14260.html,medium,needs_review,"Kelurahan dan kode pos (Tugu Utara, 14260) dikonfirmasi oleh kodepos.id dan nomorkodepos.com. Administratif Jakarta Utara sudah benar. Namun entri ini merujuk ke nama kawasan/jalan (Jl. Plumpang Semper), bukan venue tunggal yang spesifik — kemungkinan terkait CFD atau acara publik di area tersebut. Alamat tidak cukup spesifik untuk satu venue; perlu konfirmasi gedung/titik acara yang dimaksud."
JL. TIPAR CAKUNG JAKARTA TIMUR,"Jl. Tipar Cakung, Cakung Barat, Kec. Cakung, Kota Jakarta Timur, DKI Jakarta 13910",Jakarta Timur,,,"https://www.waze.com/live-map/directions/id/daerah-khusus-ibukota-jakarta/jl.-tipar-cakung-no.1?to=place.ChIJY1AIxyGLaS4R0B4lGtmTGE4, https://id.wikipedia.org/wiki/Jalan_Tipar_Cakung",low,needs_review,"Jalan Tipar Cakung adalah jalan yang melintas di DUA kota administrasi: sebagian besar di Jakarta Utara (Kec. Cilincing — Kel. Sukapura 14140, Kel. Semper 14130), dan ujung selatannya di Jakarta Timur (Kel. Cakung Barat, Kec. Cakung 13910). String asli menyebut 'JAKARTA TIMUR' sehingga kota Jakarta Timur dapat dipertahankan, namun perlu dikonfirmasi venue/titik spesifik yang dimaksud memang berada di segmen Jakarta Timur. Sumber Google Maps asli berupa URL pencarian biasa (bukan place URL dengan place ID) sehingga tidak reliabel dan dihapus. RT.4/RW.9 pada hasil asli dihapus karena tidak terverifikasi."
JALAN LADA,"Jalan Lada, Pinangsia, Kec. Taman Sari, Kota Jakarta Barat, DKI Jakarta 11110",Jakarta Barat,,,https://news.detik.com/berita/d-6199821/melihat-jl-ketumbar-lada-kota-tua-jakarta-yang-jadi-jalur-pedestrian,medium,needs_review,"Kelurahan Pinangsia, Kec. Taman Sari, Jakarta Barat terkonfirmasi dari Detik.com dan pencarian lain. Kota administrasi sudah benar. Namun alamat hanya nama jalan tanpa nomor dan tanpa koordinat — tidak spesifik (street-level only). Sumber asli kodepos.id dan moovitapp dapat mendukung tetapi tidak memberikan titik koordinat."
ANJUNGAN DKI JAKATA DAN BOULEVARD BAMBOO TMII,"Jl. Taman Mini Indonesia Indah, Lubang Buaya, Cipayung, Jakarta Timur 13890",Jakarta Timur,-6.3024,106.8953,https://tamanmini.com/taman_jelajah_indonesia/en/anjungan/anjungan-dki-jakarta/,medium,needs_review,String lokasi menggabungkan dua venue (dengan typo 'JAKATA'): Anjungan DKI Jakarta dan Boulevard Bamboo. Sumber hanya mencakup Anjungan DKI Jakarta; 'Boulevard Bamboo' tidak ditemukan sebagai atraksi bernama tersendiri di TMII dalam pencarian web. Alamat merujuk ke Anjungan DKI Jakarta saja. Perlu verifikasi apakah Boulevard Bamboo adalah nama resmi area di TMII dan apakah koordinatnya sama.
THE KASABLANCA HALL,,,,,,not_found,not_found,
HALL A & HALL B,,,,,,not_found,rejected,"Nama terlalu generik dan ambigu. 'Hall A & Hall B' terdapat di puluhan venue Jakarta (JCC Senayan, JIExpo Kemayoran, ICE BSD, dll). Tanpa konteks acara spesifik tidak dapat ditentukan venue yang dimaksud. Tidak ada data yang bisa diisi."
