No.	Nama	Kategori TripAdvisor	Relevan Nightlife	Jenis Venue	Kota Administrasi	Kecamatan	Alamat (kurasi)	Alamat (TripAdvisor)	Koordinat	Flag Koordinat	Telepon	Rating	Jumlah Ulasan	Status	Catatan	URL TripAdvisor
1	Lucy in the Sky	Clubs & Bars	Ya	Rooftop bar	Jakarta Selatan	Kebayoran Baru	Gedung Fairgrounds, SCBD Lot 14, Jl. Jenderal Sudirman Kav. 52-53, Kebayoran Baru, Jakarta Selatan	Fairgrounds, Sudirman Central Business District Lot 14 Jenderal Sudirman Kav 52 – 53 Jakar	-6.226944,106.80806		+62215152309	3,2	68	Tutup permanen	Rooftop bar ikonik SCBD tutup permanen Jan 2026 setelah 14 tahun; grup Lucy masih ada venue terpisah di Senayan Park. Sumber: idntimes.com, lucy-group.com	https://www.tripadvisor.com/Attraction_Review-g294229-d2706539
2	MO Bar	Clubs & Bars	Ya	Bar & lounge	Jakarta Pusat	Menteng	Jl. M.H. Thamrin, Mandarin Oriental Jakarta, Jakarta Pusat 10310	Jl. M.H. Thamrin Mandarin Oriental Hotel, Jakarta, 10310	-6.195961,106.82364		+622129938827	4,6	29	Aktif	Bar hotel Mandarin Oriental dengan live entertainment, salah satu nightspot ternama Jakarta. Sumber: mandarinoriental.com.	https://www.tripadvisor.com/Attraction_Review-g294229-d12082345
3	Top Gun	Clubs & Bars	Ya	Bar & lounge	Jakarta Selatan	Kebayoran Baru	Jl. Falatehan I No. 32, Blok M, Jakarta Selatan	Jl. Falatehan I no. 32 Blok M, Jakarta	-6.24182,106.80065		+62217395436	3,6	18	Tidak diketahui	"Live music/bar di Blok M dengan band tiap malam, disebut ""girly bar"" di ulasan; status terkini tak terverifikasi independen. Sumber: Tripadvisor, indoclubbing.com."	https://www.tripadvisor.com/Attraction_Review-g294229-d7256883
4	Ares Bar & Lounge	Clubs & Bars	Ya	Bar & lounge	Jakarta Utara	Penjaringan	Jl. Pluit Selatan I No. 1, Aston Pluit Hotel (Lt. Mezzanine), Pluit, Jakarta Utara 14450	Jl. Pluit Selatan I no. 1 Aston Pluit, Jakarta, 14450	-6.12564,106.78484			5,0	12	Aktif	Bar & lounge di hotel Aston Pluit, masih terdaftar aktif dengan menu terbaru di pergikuliner/gofood. Sumber: pergikuliner.com, gofood.co.id.	https://www.tripadvisor.com/Attraction_Review-g294229-d11910832
5	Pulque Agave Social House	Nightlife	Ya	Bar & lounge	?	?	?	Rukan Permata Senayan, Jl. Tentara Pelajar Blok D-9	-6.218483,106.79245		+62818-0240-6888	5	8	Tidak diketahui	"Nama & konsep (""agave"", ""social house"") menunjukkan bar tequila/mezcal khas; tidak ditemukan alamat/lokasi terverifikasi via pencarian web (Bing, Google, Instagram) di luar listing TripAdvisor."	https://www.tripadvisor.com/Attraction_Review-g294229-d34025484
6	Happy Puppy Karaoke	Karaoke Bars	Ya	Karaoke / KTV	Jakarta Pusat	Sawah Besar	Ruko Grand Kartini No. 16-17, Jl. Kartini Raya No. 17, Sawah Besar, Jakarta Pusat 10750	Jl. Kartini Raya No.57 Ruko Grand Kartini No.16-17, Jakarta	-6.15097,106.83453		+622162300660	2,0	7	Aktif	Karaoke keluarga cabang Kartini Raya, alamat TripAdvisor cocok dengan listing cabang Jakarta Pusat. Sumber: idalamat.com, Tripadvisor.	https://www.tripadvisor.com/Attraction_Review-g294229-d12640010
7	My Bar	Clubs & Bars	Ya	Bar & lounge	Jakarta Selatan	Kebayoran Baru	Jl. Falatehan I No. 16, Blok M Melawai, Jakarta Selatan 12160	16 Palatehan Street 1 Blok M Melawai, Jakarta, 12160	-6.24191,106.8011		+62217396510	2,6	5	Tidak diketahui	DJ dance/R&B bar di Blok M Melawai; status buka terkini tak terverifikasi independen. Sumber: Tripadvisor.	https://www.tripadvisor.com/Attraction_Review-g294229-d12216005
8	Blaze Scbd	Clubs & Bars	Ya	Live music venue	Jakarta Selatan	Kebayoran Baru	Elysee SCBD Lt. 3A Lot 21, Jl. SCBD Kav 52-53, 12190	Elysee Scbd Level 3a Lot 21, Jl. Scbd No.kav 52-53, Kota Jakarta Selatan	-6.21462,106.84513		+62822-1002-0088	4	3	Aktif	Live music lounge di kawasan SCBD, buka 7 hari 19.00-03.00, RSVP via Instagram @blaze.jakarta (sumber: pencarian web mengonfirmasi profil Instagram & alamat venue).	https://www.tripadvisor.com/Attraction_Review-g294229-d27954705
9	Colosseum Club	Dance Clubs & Discos	Ya	Klub malam / diskotek	Jakarta Barat	Taman Sari	Jl. Kunir No.7, RT.7/RW.7, Pinangsia, Taman Sari, Jakarta Barat 11110	Jl. Kunir No.7, Rw.7, Pinangsia, Kec. Taman Sari, Jakarta, 11110	-6.133289,106.81319		+62216909999	1,3	3	Aktif	Megaclub bertema Colosseum Roma, kapasitas >2000, buka tiap malam 21.30-04.00, pernah masuk DJ Mag Top 100 Clubs 2018, sumber: colosseum.id, djmag.com.	https://www.tripadvisor.com/Attraction_Review-g294229-d25266195
10	Puspita Dangdut Cafe	Clubs & Bars	Ya	Live music venue	Jakarta Pusat	Menteng	Jl. Juana No. 30, Dukuh Atas, Menteng, Jakarta Pusat 10310	Jakarta				4,3	3	Tutup permanen	"Kafe dangdut historis Menteng; ulasan Tripadvisor eksplisit menyebut ""Now closed"". Sumber: Tripadvisor r562087226."	https://www.tripadvisor.com/Attraction_Review-g294229-d7312840
11	999 Triple Nine	Clubs & Bars	Ya	Klub malam / diskotek	Jakarta Selatan	Mampang Prapatan	Kemang Arcade Lt. 3, Jl. Kemang Raya No. 20A, Jakarta Selatan 12730	Jl. Kemang Raya no. 20A Kemang Arcade Building 3rd floor, Jakarta	-6.25953,106.81512		+62856-9574-664	3,5	2	Tutup permanen	"Klub EDM di Kemang Arcade tercatat ""Sekarang Ditutup"" di Foursquare; ada karaoke ""Triple Nine 999"" berbeda di Melawai (bukan entitas ini). Sumber: foursquare.com, dugemfordummies.wordpress.com."	https://www.tripadvisor.com/Attraction_Review-g294229-d10795022
12	Bar Fat & Sim	Clubs & Bars	Ya	Rooftop bar	Jakarta Selatan	Cilandak	Jl. TB Simatupang No.30, Cilandak Barat, Jakarta Selatan (RA Suites Simatupang lt.20)	Jalan TB Simatupang No. 30 RT.2/RW.9, Ra Suites Simatupang, Jakarta, 12430			+62817-6888-363	5	2	Aktif	Rooftop bar & grill lt.20 RA Suites Simatupang, buka Senin-Sabtu 17.00-24.00, sumber: nowjakarta.co.id, rasuitesimatupang.com.	https://www.tripadvisor.com/Attraction_Review-g294229-d26258989
13	The Back Room	Clubs & Bars	Ya	Bar & lounge	Jakarta Pusat	Menteng (dari alamat/kodepos)	Jl. MH Thamrin No. 59, Pullman Jakarta Indonesia, Jakarta Pusat 10350	Jl. MH Thamrin no. 59 Pullman Jakarta Indonesia, Jakarta, 10350	-6.19916,106.8229		+622131921111	5,0	2	Aktif	Bar koktail & cerutu di Hotel Pullman Thamrin, live music tiap Selasa malam (sumber: pullmanjakartaindonesia.com).	https://www.tripadvisor.com/Attraction_Review-g294229-d15029010
14	Dragonfly Club	Dance Clubs & Discos	Ya	Klub malam / diskotek	Jakarta Selatan	Setiabudi	Ground Floor, Graha BIP, Jl. Jend. Gatot Subroto No.23, Jakarta 12930	Ground, Graha Bip, Jl. Gatot Subroto No.kav. 23, Jakarta, 12930	-6.229424,106.820465		+62215206789	3	1	Aktif	Klub legendaris sejak 2004, masuk DJ Mag Top 100 Clubs 2016-2017; kecamatan disimpulkan dari kode pos 12930 (area Karet Semanggi/Setiabudi), sumber: ismaya.com, TripAdvisor.	https://www.tripadvisor.com/Attraction_Review-g294229-d25267761
15	Fyne Jakarta	Clubs & Bars	Ya	Bar & lounge	?	?	?	Jl. Wijaya I No.49, RT.10/RW.5, Petogogan, Kec. Kby. Baru, Kota Jakarta Selatan	-6.24466,106.81054		+62813-2261-679	3	1	Tidak diketahui	"Dikategorikan ""Clubs & Bars"" di TripAdvisor; tidak ditemukan informasi tambahan (situs, Instagram, media) untuk memverifikasi alamat atau status operasional."	https://www.tripadvisor.com/Attraction_Review-g294229-d34463353
16	Letterpress Bar	Clubs & Bars	Ya	Bar & lounge	Jakarta Utara	Penjaringan	Swissotel Jakarta PIK Avenue lt.7, Jl. Pantai Indah Utara I, Pantai Indah Kapuk, Penjaringan, Jakarta Utara	Pantai Indah Kapuk Boulevard PIK Avenue, Kamal Muara, Jakarta, 14470			+622122571188	5	1	Aktif	Speakeasy bar bertema Shanghai di lantai 7 Swissotel PIK Avenue, buka 18.00-24.00 dengan live music mingguan (sumber: swissotel.com, manual.co.id, instagram.com/letterpress_bar).	https://www.tripadvisor.com/Attraction_Review-g294229-d26773340
17	Ra Suites Simatupang Bar	Clubs & Bars	Ya	Rooftop bar	Jakarta Selatan	Cilandak	Jl. TB Simatupang No.30, Cilandak, Jakarta Selatan	Jalan TB Simatupang No 3, Jakarta, 12430			+62817-6888-363	5	1	Aktif	"Rooftop bar ""Fat & Sim"" di hotel Ra Suites Simatupang; hotel aktif beroperasi (sumber: rasuitesimatupang.com, traveloka.com, hotels.com)."	https://www.tripadvisor.com/Attraction_Review-g294229-d26616033
18	Vault Jakarta	Dance Clubs & Discos	Ya	Klub malam / diskotek	Jakarta Selatan	Setiabudi	Multivision Tower Lt. 25, Jl. Kuningan Mulia Lot 9B, Karet Kuningan	Jl. Kuningan Mulia Lot 9B, Karet Kuningan, Kecamatan Setiabudi, Kota Jakarta Selatan	-6.212041,106.83391			4	1	Aktif	Klub malam dengan program musik harian (hip-hop/R&B, afrobeats, dll); alamat terverifikasi via profil Instagram resmi @vault.jakarta yang aktif dengan ~18K follower.	https://www.tripadvisor.com/Attraction_Review-g294229-d34295896
19	20/20 Cocktails and Agaves	Clubs & Bars	Ya	Bar & lounge	Jakarta Selatan	Kebayoran Baru	Jl. Gunawarman No.41, Kebayoran Baru, Jakarta Selatan	Jl. Gunawarman No. 41 Rawa Barat, Kebayoran Baru, Jakarta, 12180	-6.235851,106.80783		+62877-2347-0909			Aktif	Cocktail bar tequila/mezcal aktif, buka Selasa-Sabtu 16.00-02.00, sumber: bar2020jakarta.com, TripAdvisor.	https://www.tripadvisor.com/Attraction_Review-g294229-d23280548
20	Arzuca Night	Clubs & Bars	Ya	Bar & lounge	Jakarta Selatan	Setiabudi	CBD Mega Kuningan, Jl. Prof. Dr. Satrio Kav. E.1.3, Karet Kuningan, Setiabudi, Jakarta Selatan 12949	Jl Prof Dr Satrio Kav E 1.3 Kel Karet Kuningan One satrio unit E1 CBD Mega kuningan	-6.226398,106.82641		+62852-8205-2267			Aktif	"Nama resmi ""Arzuca Restaurant, Bar & Lounge"", buka 10.00-02.00 dengan area bar/lounge malam; fungsi utama restoran gastronomi tapi operasi bar malam nyata (sumber: arzuca.id, onesatrio.com, propertynbank.com)."	https://www.tripadvisor.com/Attraction_Review-g294229-d26706375
21	Batavia Beerhouse	Wine Bars	Ya	Bar & lounge	?	?	?	Jln. Rukan Beach View, Blk. A No.15, Jakarta, DKI Jakarta 11470	-6.270513,106.8502		+62899-6999-996			Tidak diketahui	"Nama & kategori TripAdvisor (""Wine Bars"") menunjukkan bar/beer house; akun Instagram @bataviabeerhouse ditemukan namun tanpa detail alamat, sehingga lokasi & status belum terverifikasi."	https://www.tripadvisor.com/Attraction_Review-g294229-d34278105
22	Bura Bura Jakarta	Clubs & Bars	Ya	Bar & lounge	Jakarta Selatan	Pasar Minggu	Jl. Benda Bawah No.77, RW.6, Cilandak Timur, Pasar Minggu, Jakarta Selatan 12560	St. Benda Bawah No.77 East Cilandak, South Jakarta, Jakarta	-6.279054,106.81283		+62812-5888-3884			Aktif	Cocktail bar bergaya Jepang (Golden Gai) buka tiap hari 18.00-02.00, sumber: manual.co.id, Instagram @buraburajakarta.	https://www.tripadvisor.com/Attraction_Review-g294229-d24190339
23	Camden Sunter	Clubs & Bars	Ya	Bar & lounge	Jakarta Utara	Tanjung Priok	Jl. Sunter Agung Perkasa 8 No. 34-35	JL SUNTER Jl. Agung Perkasa 8 No.34-35, Sunter Agung, Tanjung Priok, North Jakarta City	-6.14089,106.87363		+62812-8787-7035			Aktif	"Cabang Sunter dari Camden (bar & cafe, tagline ""Come as Strangers Leave as Friends""); alamat terverifikasi via profil Instagram resmi @camden.jkt yang mencantumkan 2 lokasi (Cikini & Sunter)."	https://www.tripadvisor.com/Attraction_Review-g294229-d34277879
24	Escape KTV & Bar	Karaoke Bars	Ya	Karaoke / KTV	Jakarta Selatan	Kebayoran Lama	The Bellezza Office Tower Lt.28, Jl. Permata Hijau, Kebayoran Lama, Jakarta Selatan	Jl. Permata Hijau The Bellezza Office Tower Daerah Khusus, Jakarta, 12210	-6.222475,106.785324		+62813-1646-0007			Aktif	KTV & bar aktif, buka setiap hari 15.00-02.00, sumber: chope.co, escapektv.co.id.	https://www.tripadvisor.com/Attraction_Review-g294229-d25194330
25	Galaxi KTV Club	Clubs & Bars	Ya	Karaoke / KTV	Jakarta Selatan	Cilandak	Jl. RS. Fatmawati, Komplek Golden Plaza Blok H3-8, Jakarta Selatan 12420	Jl. RS. Fatmawati,Jakarta Selatan Komplek Golden Plaza Blok H3-8, Jakarta, 12420	-6.27961,106.79673		+622175914687			Tidak diketahui	Kecamatan dari alamat/kodepos. KTV di Golden Plaza Fatmawati; status operasional terkini tak terverifikasi independen. Sumber: Tripadvisor.	https://www.tripadvisor.com/Attraction_Review-g294229-d6159132
26	Inul Vizta Plaza Semanggi	Karaoke Bars	Ya	Karaoke / KTV	Jakarta Selatan	Setiabudi (dari alamat)	Plaza Semanggi Lt. 6, Jl. Jend. Sudirman Kav. 50, Karet Semanggi, Jakarta Selatan 12930	Jl. Jend Sudirman Kav.50 Plaza Semanggi Lt. 6, Jakarta, 12930	-6.22284,106.80868		+622125539378			Aktif	Karaoke keluarga Inul Vizta cabang Plaza Semanggi, buka 11:00-02:00 (sumber: idalamat.com, Traveloka).	https://www.tripadvisor.com/Attraction_Review-g294229-d14097676
27	Ketawa Comedy Club	Comedy Clubs	Ya	Comedy club	Jakarta Selatan	Cilandak (dari alamat)	Jl. Pangeran Antasari No. 10A (Lt. 2) / Little Osaka Food Town, Jl. RS Fatmawati Raya, Cilandak Barat — dua alamat ditemukan, kemungkinan pindah lokasi	Jl. Pangeran Antasari No.10A Cipete Utara, Jakarta, 12150	-6.27493,106.80888		+62818-697-749			Aktif	Comedy club full-time dengan show 5 hari/minggu (sumber: ketawa.co.id, TripAdvisor, Facebook).	https://www.tripadvisor.com/Attraction_Review-g294229-d20274116
28	Myrtle Beach	Clubs & Bars	Ya	Bar & lounge	?	?	?	Marina Ancol Pelabuhan Kali Adem/ Muara Angke, Jakarta, 10110	-5.404939,105.279465	KOORDINAT DI LUAR DKI				Tidak diketahui	"Dikategorikan ""Clubs & Bars"" di TripAdvisor tanpa rating/ulasan; tidak ditemukan jejak web (Bing/Google/Instagram) untuk memverifikasi lokasi atau status operasional."	https://www.tripadvisor.com/Attraction_Review-g294229-d34273168
29	Rabbithide	Karaoke Bars	Ya	Karaoke / KTV	?	?	?	Jl. Prof. DR Satrio One Satrio, Jakarta, 12950	-6.22542,106.826096		+62811-1591-819			Tidak diketahui	"Dikategorikan TripAdvisor sebagai ""Karaoke Bars"" (subkategori spesifik, bukan ""Nightlife"" umum), tapi tidak ditemukan jejak web/Instagram/Maps independen untuk verifikasi lokasi atau status operasional — alamat dan kecamatan tidak dapat dipastikan."	https://www.tripadvisor.com/Attraction_Review-g294229-d27138489
30	Triple Nine 999	Karaoke Bars	Ya	Karaoke / KTV	?	?	?	Jl. Falatehan I Jl. Iskandarsyah Raya No.8, RT.	-6.241844,106.80151		+62812-7656-3101			Tidak diketahui	"Dikategorikan TripAdvisor sebagai ""Karaoke Bars"", namun tidak ditemukan jejak web independen (pencarian hanya menghasilkan hasil tidak relevan) untuk memastikan alamat, kecamatan, atau status operasional."	https://www.tripadvisor.com/Attraction_Review-g294229-d27168614
31	Z Squared	Clubs & Bars	Ya	Kompleks hiburan	Jakarta Utara	Penjaringan	Rukan Elang Laut Boulevard Blok D15-17, Pantai Indah Kapuk, Penjaringan, Jakarta Utara	Jalan Elang Laut Boulevard Blok D15-17, Jakarta, 14470	-6.126443,106.74941		+62812-9697-3434			Tidak diketahui	Kompleks 3 lantai di PIK berisi lounge live music dan ruang KTV (Ace Room); status operasi terkini tak terverifikasi, sumber: matalelaki.com, tabloidbintang.com.	https://www.tripadvisor.com/Attraction_Review-g294229-d23932747
32	Lokasari Square	Clubs & Bars	Sebagian	Kompleks hiburan	Jakarta Barat	Taman Sari	Jl. Mangga Besar IX, RT.6/RW.2, Tangki, Taman Sari, Jakarta Barat	Jln. Raya Mangga Besar no. 81, Jakarta, 11180	-6.145773,106.82048		+62216265233	3,5	14	Aktif	Kompleks hiburan malam legendaris (diskotik & karaoke) di Mangga Besar; jam kompleks umum 10.00-22.00 tercatat, unit di dalamnya buka malam. Sumber: salsawisata.com, ulasantempat.com.	https://www.tripadvisor.com/Attraction_Review-g294229-d7980723
33	meZZa Lounge & Bar	Clubs & Bars	Sebagian	Bar & lounge	Jakarta Selatan	Setiabudi (dari alamat)	Aston Rasuna Jakarta, Jl. HR Rasuna Said, Setiabudi, Jakarta Selatan	Jl. Haji R. Rasuna Said Aston Rasuna, Jakarta	-6.16372,106.8547			4,5	8	Aktif	Cafe/bar/lounge di dalam Hotel Aston Rasuna, buka 07:00-23:00, jadi bukan venue malam murni (sumber: pergikuliner.com).	https://www.tripadvisor.com/Attraction_Review-g294229-d12962505
34	Dayana Est. 1997 - A Cigar Store	Cigar Bars	Sebagian	Cigar bar	Jakarta Selatan	Kebayoran Baru	Ambhara Hotel Jakarta, Jl. Iskandarsyah Raya No.3, Melawai, Kebayoran Baru, Jakarta Selatan (juga berlokasi di Hotel Bidakara dan Artotel Suites Mangkuluhur)	Hotel Bidakara Pancoran Jakarta Lotus Lounge 1st Floor, Jakarta, 12780	-6.240152,106.84186		+62813-8818-1519	5	1	Aktif	Toko cerutu premium dengan cigar lounge di lobi hotel; fungsi utama retail tapi ada area lounge untuk merokok/minum malam, sumber: Foursquare, dayanatobacco.com.	https://www.tripadvisor.com/Attraction_Review-g294229-d25297086
35	Aloha Pik2 (strand) Banteng	Clubs & Bars	Sebagian	Klub malam / diskotek	?	?	?	Jalan Pantai Indah Kapuk, Jakarta	-6.1164,106.8048					Tidak diketahui	"Kategori TripAdvisor ""Clubs & Bars"" tapi nama gabungan tidak lazim/tidak jelas (Pik2/strand/Banteng bercampur) dan tidak ditemukan jejak web, Instagram, atau Maps yang cocok — kemungkinan data listing bermasalah/tidak valid, tidak dapat diverifikasi sebagai venue nyata."	https://www.tripadvisor.com/Attraction_Review-g294229-d28123847
36	Fortune Spa & Lounge Grand Wijaya	Karaoke Bars	Sebagian	Karaoke / KTV	Jakarta Selatan	Kebayoran Baru	?	Wijaya Grand Centre, Jl. Darmawangsa Raya Blok F21 Pulo, Kec. Kby. Baru, Jakarta, 12160	-6.21462,106.84513		+62217206868			Tidak diketahui	"Nama menggabungkan ""Spa"" dan ""Lounge"" — pola umum tempat spa+karaoke di Jakarta yang punya operasi malam nyata namun fungsi utama tercampur dengan spa; area Grand Wijaya berada di Kebayoran Baru, alamat persis tidak terverifikasi."	https://www.tripadvisor.com/Attraction_Review-g294229-d34329562
37	King's Melody Lounge	Clubs & Bars	Sebagian	Bar & lounge	Jakarta Selatan	Kebayoran Baru (dari alamat/kodepos)	Jl. Melawai Raya No. 83-85, Amos Cozy Hotel, Jakarta Selatan 12160	Jl. Melawai Raya no. 83- 85 Amos Cozy Hotel, Jakarta, 12160	-6.24571,106.79899					Tidak diketahui	Lounge di dalam Amos Cozy Hotel Melawai; tidak ada ulasan/aktivitas di TripAdvisor sehingga status operasional tak terverifikasi (sumber: TripAdvisor listing).	https://www.tripadvisor.com/Attraction_Review-g294229-d13412708
38	Little Tokyo Blok M	Clubs & Bars	Sebagian	Kompleks hiburan	Jakarta Selatan	Kebayoran Baru	?	3, Jl. Melawai 6 No.15a, RT.3/RW.1, Melawai, Kec. Kby. Baru, Jakarta Selatan	-6.24408,106.80189					Tidak diketahui	Little Tokyo adalah sebutan informal untuk kawasan bar/izakaya bergaya Jepang di area Blok M (Kebayoran Baru) yang populer di kalangan komunitas Jepang, bukan satu venue tunggal; alamat spesifik tidak terverifikasi.	https://www.tripadvisor.com/Attraction_Review-g294229-d34277654
39	X2	Clubs & Bars	?	Klub malam / diskotek	?	?	?	Jl. Asia Afrika Plaza Senayan Floors 4-5, Jakarta, 10270	-6.22884,106.79827		+62215725560	4,6	10	Tidak diketahui	"Sumber alamat saling kontradiksi (Plaza Senayan vs FX Sudirman di sumber lain) dan indoclubbing menandai ""[CLOSED]""; tidak bisa diverifikasi lokasi/status pasti tanpa pencarian lanjutan."	https://www.tripadvisor.com/Attraction_Review-g294229-d10596133
40	Cilukba	Nightlife	?				?	Jalan-in dulu aja, Jakarta, 10220	-6.20396,106.82007		+62856-8020-714			Tidak diketahui	"Nama umum (""cilukba"" = permainan anak), tidak ditemukan profil venue fisik yang jelas; kategori TripAdvisor campuran ""bar, club & pub"" + ""adrenaline tours"" mencurigakan, kemungkinan listing keliru/spam."	https://www.tripadvisor.com/Attraction_Review-g294229-d15839393
41	Palembang	Clubs & Bars	?	 	?	?	?	Jakarta Pusat, Jakarta, 12071	-6.180511,106.828384		+62838-2162-1165			Tidak diketahui	"Nama ambigu, tidak ditemukan bisnis bernama ""Palembang"" di kategori Clubs & Bars Jakarta pada TripAdvisor maupun sumber lain yang bisa diverifikasi; kemungkinan listing usang/salah kategori."	https://www.tripadvisor.com/Attraction_Review-g294229-d23332050
42	Hw Superhouse Satrio	Clubs & Bars	BELUM DIKURASI					Jl. Prof. Dr. Satrio No.kav.6, Jakarta, 12940	-6.222663,106.822464			4	2		BELUM DIKURASI — kuota pencarian web sesi ini habis, perlu diulang	https://www.tripadvisor.com/Attraction_Review-g294229-d32842716
43	Koda	Clubs & Bars	BELUM DIKURASI					Jl. Jenderal Sudirman No.Kav 7-8 Sudirman 7.8, Jakarta, 10210	-6.208351,106.82076		+62822-9998-9678	4	2		BELUM DIKURASI — kuota pencarian web sesi ini habis, perlu diulang	https://www.tripadvisor.com/Attraction_Review-g294229-d32846804
44	Kode Jakarta	Clubs & Bars	BELUM DIKURASI					Jl. Cikatomas II No.24, Jakarta, 12180	-6.237106,106.813354		+62811-886-415	3,5	2		BELUM DIKURASI — kuota pencarian web sesi ini habis, perlu diulang	https://www.tripadvisor.com/Attraction_Review-g294229-d32846875
45	Zoo SCBD	Dance Clubs & Discos	BELUM DIKURASI					Jl. Jend. Sudirman Kav 52-53 No Lot 14, Senayan, Jakarta, 12190	-6.226396,106.80715		+62811-1651-200	4,5	2		BELUM DIKURASI — kuota pencarian web sesi ini habis, perlu diulang	https://www.tripadvisor.com/Attraction_Review-g294229-d31936914
46	Barna Karaoke Jakarta Selatan	Karaoke Bars	BELUM DIKURASI					Setia Budi One Jl. H. R. Rasuna Said No.kav.62 Building 3rd, Kuningan, Karet Kuningan	-6.20719,106.828156		+62822-2707-3005	5	1		BELUM DIKURASI — kuota pencarian web sesi ini habis, perlu diulang	https://www.tripadvisor.com/Attraction_Review-g294229-d32847439
47	Brexit Bar & Club	Clubs & Bars	BELUM DIKURASI					11, Jl. Kemang Raya No.20, Jakarta, 12730	-6.259756,106.815155		+62838-0591-0999	2	1		BELUM DIKURASI — kuota pencarian web sesi ini habis, perlu diulang	https://www.tripadvisor.com/Attraction_Review-g294229-d32847007
48	House Of Pats	Clubs & Bars	BELUM DIKURASI					Jl. K.h. Mas Mansyur No.41a, Jakarta, 10250	-6.206058,106.81709		+62811-9528-991	2	1		BELUM DIKURASI — kuota pencarian web sesi ini habis, perlu diulang	https://www.tripadvisor.com/Attraction_Review-g294229-d32963493
49	Sparta live bar	Clubs & Bars	BELUM DIKURASI					Jl. Kemang I 2,, Jakarta, 12730	-6.257733,106.814186			3	1		BELUM DIKURASI — kuota pencarian web sesi ini habis, perlu diulang	https://www.tripadvisor.com/Attraction_Review-g294229-d33665593
50	Zodiac Club	Dance Clubs & Discos	BELUM DIKURASI					Jl.n Senopati Raya 64, Jakarta, 12190	-6.231345,106.80896		+62878-8896-3422	4	1		BELUM DIKURASI — kuota pencarian web sesi ini habis, perlu diulang	https://www.tripadvisor.com/Attraction_Review-g294229-d33114577
51	KTV 999 Blok M	Karaoke Bars	BELUM DIKURASI					Jl Falatehan I No 08 Melawai, Jakarta, 12160	-6.283283,106.82255		+62852-1862-3847				BELUM DIKURASI — kuota pencarian web sesi ini habis, perlu diulang	https://www.tripadvisor.com/Attraction_Review-g294229-d33677755
52	Mad For Laughs	Comedy Clubs	BELUM DIKURASI					Jl. Asem II No.27, Cipete Selatan, Kec. Cilandak, Kota Jakarta Selatan	-6.272078,106.80164		+62812-1317-1032				BELUM DIKURASI — kuota pencarian web sesi ini habis, perlu diulang	https://www.tripadvisor.com/Attraction_Review-g294229-d33964051
53	Slot Deposit Qris 10k Gonbet	Clubs & Bars	BELUM DIKURASI					Indonesia Jl.diponegoro No.228, Jakarta, 20223	-3.432115,114.808975	KOORDINAT DI LUAR DKI	+62856-9851-286				BELUM DIKURASI — kuota pencarian web sesi ini habis, perlu diulang	https://www.tripadvisor.com/Attraction_Review-g294229-d33302916
54	W Superclub	Clubs & Bars	BELUM DIKURASI					Jalan Jenderal Sudirman, Kavling 52-53, Jakarta			+62811-1906-7167				BELUM DIKURASI — kuota pencarian web sesi ini habis, perlu diulang	https://www.tripadvisor.com/Attraction_Review-g294229-d25444430
55	Zero Inn	Clubs & Bars	BELUM DIKURASI					Jl. Jend. Sudirman Kav 52-53 No.28 Rt.8/rw.3, Jakarta, 12190	-6.194449,106.82292		+62878-7802-3000				BELUM DIKURASI — kuota pencarian web sesi ini habis, perlu diulang	https://www.tripadvisor.com/Attraction_Review-g294229-d32237701
56	Bartega	Wine Bars	Tidak		Jakarta Utara	Penjaringan (dari alamat/kodepos)	Jl. Pluit Timur No. 19, Jakarta Utara 14450	Jl. Senopati Raya no 8 WeWork - Revenue Tower, Jakarta, 12190	-6.23097,106.80904		+62811-9941-964	4,9	41	Aktif	"Sebenarnya studio ""paint-and-sip"" (melukis+wine), bukan bar malam; TripAdvisor salah kategori ""Wine Bars"" (sumber: bartega.com, Jakarta Post 2018)."	https://www.tripadvisor.com/Attraction_Review-g294229-d12721281
57	Cutie Cats Cafe	Nightlife	Tidak		Jakarta Selatan	Kebayoran Baru	Jl. Kemang I, Kemang, Jakarta Selatan	Jl. Kemang 1 No. 12F, Jakarta, 12150	-6.257705,106.813126		+62811-1004-560	3,5	35	Tutup permanen	Ini kafe kucing (cat cafe pertama Indonesia), bukan venue nightlife; sudah tutup permanen menurut Instagram resmi. Sumber: eatsjakarta.wordpress.com, Instagram @cutiecatscafe.	https://www.tripadvisor.com/Attraction_Review-g294229-d7812626
58	Jakarta NightLife Host	Nightlife	Tidak					Jl Gajah Mada, Taman Sari, west jakarta, Jakarta, 11140	-6.15475,106.81763			5,0	2	Tidak diketahui	Jasa pemandu/tur hiburan malam untuk turis pria (Sky Dining, klub, KTV, spa/massage), bukan venue tunggal; kontak via Instagram @nightlifehost (sumber: ulasan TripAdvisor).	https://www.tripadvisor.com/Attraction_Review-g294229-d17579254
59	Golden Hands Spa	Clubs & Bars	Tidak		Jakarta Utara	Penjaringan	Jl. Bandengan Selatan No. 43, Komplek Puri Delta Mas Blok B-8, Jakarta Utara 14450	Jl. Bandenga Selatan Golden Hands Hotel, Jakarta, 14450	-6.2492,106.86629		+622166674670	5,0	1	Tidak diketahui	Ini spa/gym (bukan venue nightlife), meski kompleks resort disebut juga punya fasilitas KTV. Sumber: trackpacking.com, Tripadvisor.	https://www.tripadvisor.com/Attraction_Review-g294229-d12049469
60	Andri	Nightlife	Tidak		?	?	?	Jalan medang raya no 65 tangerang, Jakarta, 62						Tidak diketahui	"Nama entri hanya ""Andri"" — pola nama orang, bukan nama venue; tidak ada rating/ulasan yang mendukung keberadaan usaha."	https://www.tripadvisor.com/Attraction_Review-g294229-d26686214
61	Ebony88	Nightlife	Tidak		?	?	?	Jl. Rs. Fatmawati Raya No.38f, Rt.7/rw.5, Cipete Utara, Kec. Kby. Baru, Jakarta Selatan	-6.287423,106.79552		+62877-3532-0402			Tidak diketahui	"Pola nama ""88"" khas situs judi online/slot; tidak ditemukan jejak sebagai venue fisik di Jakarta pada pencarian web manapun — kemungkinan besar bukan usaha nyata."	https://www.tripadvisor.com/Attraction_Review-g294229-d27966646
62	Find Your Indonesia (FIYO)	Nightlife	Tidak					Jl. Banjarsari X No.4A, RT.8/RW.8, Cilandak Barat, Cilandak, South Jakarta, DKI Jakarta	-6.29006,106.79317		+62821-2222-3504			Tidak diketahui	Platform/operator tur wisata (city tour, budaya, dll), bukan venue hiburan malam (sumber: TripAdvisor & deskripsi FIYO).	https://www.tripadvisor.com/Attraction_Review-g294229-d17802476
63	Fujigacor88	Clubs & Bars	Tidak	 	 	 	 	RT.1/RW.3, Ancol, Pademangan, North Jakarta City	-6.121829,106.81636		+62878-4044-4613			Tidak diketahui	"Situs judi online slot (""gacor""), bukan venue fisik, sumber: fujigacor88.org dan domain sejenis."	https://www.tripadvisor.com/Attraction_Review-g294229-d26322140
64	Fujiwin88	Clubs & Bars	Tidak	 	 	 	 	Jl. Kapten Tendean No.8, RT.1, Kec. Mampang Prpt., Kota Jakarta Selatan	-6.240014,106.82384		+62895-3851-45145			Tidak diketahui	Situs judi online slot/kasino berbasis web, bukan venue fisik di Jakarta, sumber: fujiwin88.com dan domain sejenis.	https://www.tripadvisor.com/Attraction_Review-g294229-d26101135
65	GRITNIC - SNUS & Nicotine Pouches	Cigar Bars	Tidak	?	?	?	?	Greater jakarta, West Jakarta, Mediterania 2 Garden Residence Tower Heliconia, Floor 1	-6.177577,106.78817		+62813-7757-7758			Tidak diketahui	"Nama usaha eksplisit menyebut ""SNUS & Nicotine Pouches"" — toko ritel produk tembakau/nikotin, bukan cigar bar/venue hiburan malam meski dikategorikan ""Cigar Bars"" di TripAdvisor."	https://www.tripadvisor.com/Attraction_Review-g294229-d34191647
66	Jakarta Locals Guide	Nightlife	Tidak		?	?	?	Taman Fatahillah, Jakarta, 11110						Tidak diketahui	"Nama mengindikasikan jasa pemandu wisata lokal (""Locals Guide""), bukan venue fisik; tidak ditemukan jejak web independen untuk memastikan sifat usahanya."	https://www.tripadvisor.com/Attraction_Review-g294229-d26821677
67	LOTTE MART Wholesale Kelapa Gading	Nightlife	Tidak	?	Jakarta Utara	Kelapa Gading	?	Jl. Boulevard Barat Raya No. 18, RT.18/RW.8 Kelapa Gading Barat, Kecamatan Kelapa Gading	-6.15319,106.8942		+622145855111			Tidak diketahui	"Gerai LOTTE Grosir/LOTTE MART Wholesale (supermarket grosir milik grup ritel Korea Selatan Lotte), bukan venue hiburan malam — salah kategori di TripAdvisor ""Nightlife""."	https://www.tripadvisor.com/Attraction_Review-g294229-d34568622
68	Nu Skin Indonesia	Clubs & Bars	Tidak	 	Jakarta Selatan	Mampang Prapatan	City Plaza Lt.10 Suite 1001-1002, Jl. Jend. Gatot Subroto No.44, Kuningan Barat, Mampang Prapatan, Jakarta Selatan 12710	Area Gd. City Plaza 10th Floor , Suite 1001-1002, Jakarta, 12710	-6.235808,106.82328		+622130030010			Aktif	Sebenarnya kantor pemasaran MLM kosmetik/suplemen Nu Skin, bukan venue hiburan malam, sumber: nuskin.com, Waze.	https://www.tripadvisor.com/Attraction_Review-g294229-d23847858
69	Opatrip.com US LLC – Local Tours in Indonesia	Nightlife	Tidak					14 Gynėjų gatvė, Vilnius 01109, Vilniaus apskritis, LT, Jakarta, 09215		ALAMAT DI LUAR NEGERI (Vilnius, Lituania)	+37065216600			Tidak diketahui	Agen tur/aktivitas online berbasis AS (Delaware) yang menjual tur romantis dll di Jakarta/Bali, bukan venue fisik (sumber: opatrip.com, LinkedIn).	https://www.tripadvisor.com/Attraction_Review-g294229-d20995199
70	Panorama Sightseeing	Nightlife	Tidak	?	?	?	?	Jl. Tomang Raya No.63 6th 5 Floor, Jakarta, 11440			+62811-8000-1025			Tidak diketahui	"Operator wisata/travel agency (grup Panorama JTB / Panorama Sentrawisata / Panorama Group), bukan venue hiburan malam fisik — salah kategori di TripAdvisor ""Nightlife""."	https://www.tripadvisor.com/Attraction_Review-g294229-d34133580
71	Pool Bar DoubleTree	Clubs & Bars	Tidak		Jakarta Pusat	Menteng (dari alamat/kodepos)	Jl. Pegangsaan Timur No. 17, DoubleTree by Hilton Jakarta - Diponegoro, Jakarta 10310	Jl. Pegangsaan Timur no. 17 Doubletree by Hilton, Jakarta, 10310	-6.199388,106.842255					Aktif	Bar kolam renang hotel untuk siang hari (milkshake, es krim, camilan), bukan venue hiburan malam (sumber: situs Hilton/Jelajah Indonesia).	https://www.tripadvisor.com/Attraction_Review-g294229-d13172722
72	Romero Sinaga	Nightlife	Tidak					Jalan Diponegoro No. 45, Menteng, Jakarta, 10310						Tidak diketahui	Nama pemandu wisata privat (private tour guide) sejak 2013, bukan venue (sumber: tourhq.com, itap-world.com).	https://www.tripadvisor.com/Attraction_Review-g294229-d19921351
73	T Lounge	Clubs & Bars	Tidak		Jakarta Pusat	Menteng (dari alamat/kodepos)	Jl. Pegangsaan Timur/Barat No. 17, DoubleTree by Hilton Jakarta - Diponegoro, Jakarta 10350	Jl. Pegangsaan Timur no. 17 DoubleTree by Hilton Hotel, Jakarta, 10310	-6.199388,106.842255					Aktif	"Diduga lounge teh/kopi lobi hotel (konsep ""T Lounge""), tidak ada bukti operasi hiburan malam (sumber: TripAdvisor listing hotel)."	https://www.tripadvisor.com/Attraction_Review-g294229-d13172723
74	Traveluv	Nightlife	Tidak		?	?	?	Jl H No 19 Rt Rw 004 009 Kebon Baru Tebet Jakarta Selatan, Jakarta, 12830			+62821-2341-8957			Tidak diketahui	Nama mengindikasikan layanan travel/aplikasi kencan-travel, bukan venue fisik; tidak ditemukan jejak web independen sebagai usaha hiburan malam di Jakarta.	https://www.tripadvisor.com/Attraction_Review-g294229-d28650788
75	Triple A Tours & Travel	Nightlife	Tidak		?	?	?	Epicentrum Tengah 3, Jl HR Rasuna Said Karet Kuningan, Setiabudi Jakarta Selatan			+62812-9913-4442			Tidak diketahui	Sebenarnya operator tur/city tour di Jakarta (masuk daftar Jakarta City Tours TripAdvisor), bukan venue hiburan malam; belum ada ulasan (sumber: tripadvisor.com/Attraction_Review-g294229-d26609576).	https://www.tripadvisor.com/Attraction_Review-g294229-d26609576
76	silver tour jakarta	Nightlife	Tidak		?	?	?	Green Garden Blok p3 No 2, Jakarta, 11250			+62877-8062-0362			Tidak diketahui	"Nama eksplisit menunjukkan operator tur/travel (""tour""), bukan venue hiburan malam; tidak ditemukan jejak web independen sebagai agen tur aktif."	https://www.tripadvisor.com/Attraction_Review-g294229-d28049755
