No.	Nama	Kategori TripAdvisor	Relevan Suvenir	Produk Utama	Alamat	Kota Administrasi	Kecamatan	Koordinat	Sumber Koordinat	Telepon	Rating	Jumlah Ulasan	Status	Catatan	URL TripAdvisor
1	Flea Market at Jalan Surabaya	Pasar Loak & Pasar Jalanan	Ya	Barang antik & peta kuno	Surabaya St No.20-21 , Jakarta, 10310	Jakarta Pusat	Menteng	-6.197372,106.839195	TripAdvisor		3,8	410	Aktif	Pasar antik/suvenir legendaris sejak 1980 di Jl. Surabaya, Menteng; jual wayang, batik, perhiasan, barang antik. Sumber: Tripadvisor, forevervacation.com, ajourneybespoke.com	https://www.tripadvisor.com/Attraction_Review-g294229-d2587868
2	Batik Keris	Toko Suvenir & Spesialisasi	Ya	Batik	Jakarta	Jakarta Pusat	Menteng	-6.1931,106.8217	Koreksi riset		4,2	64	Aktif	Alamat sebenarnya Plaza Indonesia Lt.3 No.116C, Jl MH Thamrin, Gondangdia, Menteng, Jakarta Pusat (dari teks ulasan TripAdvisor); koordinat input meleset ~15km ke arah Cengkareng/perbatasan Tangerang, dikoreksi ke Plaza Indonesia. Sumber: tripadvisor.com, batikkeris.co.id.	https://www.tripadvisor.com/Attraction_Review-g294229-d379331
3	Pasar Seni Ancol	Toko Suvenir & Spesialisasi	Ya	Kerajinan tangan & lukisan (pasar seni)	Jl. Gerbang Ancol no. 93, Pademangan, Jakarta, 14430	Jakarta Utara	Pademangan	-6.126677,106.83876	TripAdvisor	+62 21 64713218	3,4	35	Aktif	Pasar seni/kerajinan sejak 1977 di kompleks Ancol, ~240 lapak seniman; kecamatan Pademangan dari sumber flokq/ancol.com, koordinat sesuai area Ancol	https://www.tripadvisor.com/Attraction_Review-g294229-d9563968
4	Rawa Bening Market	Toko Suvenir & Spesialisasi	Ya	Perhiasan/emas (batu akik, permata, kerajinan perak)	Jln. Stasiun, Jakarta, 12240	Jakarta Timur	Jatinegara	-6.2150,106.8703	Koreksi riset	+62 21 8197064	3,6	11	Aktif	Jakarta Gems Center, tepat di depan Stasiun Jatinegara, Kec. Jatinegara — populer di kalangan wisatawan asing utk batu akik/perhiasan sbg suvenir. Koordinat input meleset ~10km (mengarah ke area Kebayoran/Blok M), dikoreksi ke sekitar Stasiun Jatinegara. Sebagian toko tutup namun pasar tetap beroperasi. Sumber: beritajakarta.id, detik.com, traveloka.com.	https://www.tripadvisor.com/Attraction_Review-g294229-d6598978
5	Bartele Gallery	Toko Barang Antik	Ya	Barang antik & peta kuno	Jl. M.H. Thamrin Mandarin Oriental Hotel - 2nd floor, Jakarta, 10310	Jakarta Pusat	Menteng	-6.19604,106.82356	TripAdvisor	+62 21 29938997	4,8	5	Aktif	Galeri peta & cetakan antik Asia sejak 2009, di Mandarin Oriental Hotel Jl MH Thamrin Menteng; sumber nowjakarta.co.id, bartelegallery.com. Ada info belum terverifikasi soal kemungkinan pindah ke Hotel Kempinski	https://www.tripadvisor.com/Attraction_Review-g294229-d12423972
6	Khas Jakarta	Toko Suvenir & Spesialisasi	Ya	Oleh-oleh makanan & suvenir Betawi	Jl. Thamrin Boulevard blok H5 no. 6 Thamrin City Lantai 1, Jakarta, 11110	Jakarta Pusat	Tanah Abang	-6.194593,106.81542	TripAdvisor	+62 856-8593-383	3,6	5	Aktif	Pusat oleh-oleh resmi (dodol Betawi, batik, ondel-ondel dll) di Thamrin City lt.1; kecamatan dari GoFood/near-place (Kb. Melati, Tanah Abang, kodepos 10230 - beda dgn kodepos 11110 di data asal, kemungkinan salah input); koordinat sesuai lokasi Thamrin City	https://www.tripadvisor.com/Attraction_Review-g294229-d7076588
7	Rajanya Promosi	Toko Suvenir & Spesialisasi	Ya	Suvenir custom/merchandise (tumbler, gift set, dll)	Jl. Hankam No. 13, RT.6/RW.9 Jl. Siyarridin I, Jakarta, 12550	Jakarta Selatan	Pasar Minggu	-6.286373,106.82381	TripAdvisor	+62 812-9907-6453	5,0	4	Aktif	Vendor merchandise/suvenir custom (tumbler, flashdisk, gift set) area Ragunan/Jl. Hankam, Pasar Minggu (sumber: rajanyapromosi.com, facebook.com/RajanyaSouvenir). Koordinat cukup plausibel untuk area Ragunan meski tidak presisi ke titik jalan.	https://www.tripadvisor.com/Attraction_Review-g294229-d28897061
8	Batik Obate	Toko Suvenir & Spesialisasi	Ya	Batik	Jl. Teuku Nyak Arief no. 10 Simprug Gallery Unit Blok S, Jakarta, 12220	Jakarta Selatan	Kebayoran Lama	-6.23496,106.78532	TripAdvisor	+62 811-9303-789	5,0	3	Aktif	Toko batik (Yogya/Solo/Pekalongan) di Ruko Simprug Gallery; sumber Tripadvisor & near-place.com, tercatat aktif.	https://www.tripadvisor.com/Attraction_Review-g294229-d12976615
9	Lucy's Batik - Jakarta	Toko Suvenir & Spesialisasi	Ya	Batik & kerajinan tangan	Jl. Kemang Raya No.30 Mitra Hadiprana 1st Floor, Jakarta, 12730	Jakarta Selatan	Mampang Prapatan	-6.260612,106.815186	TripAdvisor	+62 21 7182767	4,7	3	Aktif	Butik batik & kerajinan Nusantara di Mitra Hadiprana Kemang; sumber lucysbatik.com & mitrahadiprana.com.	https://www.tripadvisor.com/Attraction_Review-g294229-d16162508
10	Paisley Things	Toko Suvenir & Spesialisasi	Ya	Kerajinan tangan artisan lokal (dekorasi rumah)	Jln. Bumi no. 31a, Jakarta, 12120	Jakarta Selatan	Kebayoran Baru	-6.24063,106.78974	TripAdvisor	+62 21 27510156	4,3	3	Aktif	Toko kerajinan artisan lokal yg mendukung Darius Tobing Foundation, est. 2011, alamat Jl. Bumi No.31A Kebayoran Baru (indonesiaexpat.id, ajourneybespoke.com); ada akun IG @paisleythingsjakarta aktif	https://www.tripadvisor.com/Attraction_Review-g294229-d10161748
11	Indies Gallery - Antique Maps & Prints of Indonesia	Toko Suvenir & Spesialisasi	Ya	Barang antik & peta kuno	Jl. Kemang Raya No. 8B Aksara Bookstore, Jakarta, 12730	Jakarta Selatan	Mampang Prapatan	-6.256469,106.81471	TripAdvisor	+62 813-1900-4269	3,0	2	Tidak diketahui	"Beralamat ""di dalam Aksara Bookstore Kemang"", namun Aksara Bookstore Kemang dilaporkan tutup permanen Des 2020; kemungkinan alamat sudah tidak berlaku. Sumber Jakarta Post/Detik."	https://www.tripadvisor.com/Attraction_Review-g294229-d18966670
12	Mariami	Toko Suvenir & Spesialisasi	Ya	?	Jl. Petogogan II No.32 Blok A, Jakarta, 12140	Jakarta Selatan	Kebayoran Baru	-6.25085,106.79397	TripAdvisor	+62 21 29126264	3,0	2	Tidak diketahui	Terdaftar di Tripadvisor kategori Gift & Specialty Shops namun produk spesifik tidak ditemukan (ulasan sangat sedikit); tidak bisa diverifikasi lebih lanjut.	https://www.tripadvisor.com/Attraction_Review-g294229-d15618584
13	Souvennir Tumbler Murah	Toko Suvenir & Spesialisasi	Ya	Suvenir custom/merchandise (tumbler custom)	Komplek MPR, Jl. Flamboyan No.B11, Jakarta, 12430	Jakarta Selatan	Cilandak	-6.282774,106.805466	TripAdvisor	+62 821-2339-7985	5,0	2	Aktif	Produsen/toko suvenir tumbler custom murah, alamat Komplek MPR Jl. Flamboyan (Pondok Labu, Cilandak) sesuai postcode 12430 (sumber: souvenirtumblermurah.com). Koordinat plausibel untuk area Cilandak.	https://www.tripadvisor.com/Attraction_Review-g294229-d32684407
14	Indonesia Senyum	Toko Suvenir & Spesialisasi	Ya	Suvenir custom/merchandise (kaos, aksesoris, poster bertema Jakarta)	Jl. Panglima Polim No.37, RT.1/RW.1, Melawai Tenant Inside M Bloc Market, Jakarta, 12160	Jakarta Selatan	Kebayoran Baru	-6.241794,106.79899	TripAdvisor		5,0	1	Tidak diketahui	Tenant kecil di M Bloc Market Melawai menjual aksesoris, kaos, dan poster bertema Jakarta versi kartun — disebut sebagai tempat suvenir otentik Jakarta (sumber: ulasan TripAdvisor Des 2024). Koordinat cocok dengan lokasi M Bloc Market. Status operasional tidak dapat dipastikan lebih lanjut.	https://www.tripadvisor.com/Attraction_Review-g294229-d32709906
15	Oleholehku.id	Toko Suvenir & Spesialisasi	Ya	Oleh-oleh UMKM (makanan & kerajinan)	Jalan Plot DKI, Block D9 Duren Palm Sub-district, Jakarta, 13440	Jakarta Timur	Duren Sawit	-6.230917,106.914639	Koreksi riset		5,0	1	Aktif	"Toko oleh-oleh UMKM binaan Dinas PPKUKM DKI, alamat asli Duren Sawit (bukan ""Duren Palm"" spt di data), sesuai artikel disppkukm.jakarta.go.id; koordinat sumber (-6.130224,106.706795) berada di wilayah Jakarta Barat, jauh dari Duren Sawit (~-6.23,106.91) — koreksi adalah titik kelurahan Duren Sawit (perkiraan, bukan alamat toko persis)"	https://www.tripadvisor.com/Attraction_Review-g294229-d25159960
16	Poster House 77	Toko Suvenir & Spesialisasi	Ya	Poster vintage & suvenir custom	Jalan Kemang Timur Raya No 77, Jakarta, 12730	Jakarta Selatan	Mampang Prapatan	-6.259977,106.82344	TripAdvisor	+62 877-2347-6577	5,0	1	Aktif	Toko poster vintage/suvenir di Kemang Timur, kel. Bangka; terverifikasi via TripAdvisor & kodepos.id, koordinat sesuai area Bangka-Mampang Prapatan	https://www.tripadvisor.com/Attraction_Review-g294229-d23027735
17	Souvenir Tumbler Murah	Toko Suvenir & Spesialisasi	Ya	Suvenir custom/merchandise	Jl. Flamboyan No.B11, Cilandak Bar., Kec. Cilandak, Kota Jakarta Selatan, Daerah Khusus Ibukota Jakarta 12430, Jakarta, 12430	Jakarta Selatan	Cilandak	-6.283486,106.80547	TripAdvisor	+62 812-9907-6453	5,0	1	Aktif	Vendor suvenir custom (tumbler, mug, boneka) grosir min. 500pcs, alamat sesuai situs souvenirtumblermurah.com; kecamatan dari alamat/kodepos	https://www.tripadvisor.com/Attraction_Review-g294229-d34036099
18	Batik KoenoKoeni	Toko Suvenir & Spesialisasi	Ya	Batik	Jl. Cipete Raya no. 8A, Jakarta, 12410	Jakarta Selatan	Cilandak	-6.27773,106.80483	TripAdvisor	+62 21 22705821			Tidak diketahui	Toko pakaian batik (kemeja/blus) di Jl. Cipete Raya No.8A; kecamatan Cilandak dari kodepos 12410/near-place.com; IG @batikkoenokoeni ada tapi aktivitas terbaru tidak terverifikasi	https://www.tripadvisor.com/Attraction_Review-g294229-d12778506
19	Khas Jakarta Kota Tua	Toko Suvenir & Spesialisasi	Ya	Oleh-oleh makanan & suvenir khas Jakarta	Jl. Taman Fatahillah No.3 Kota Tua Post Office, Jakarta, 11110	Jakarta Barat	Taman Sari	-6.134133,106.81322	TripAdvisor	+62 896-7880-8034			Aktif	Toko oleh-oleh (dodol Betawi, bir pletok, kaos, gantungan kunci, batik) di kawasan Taman Fatahillah; sumber Okezone & Tripadvisor.	https://www.tripadvisor.com/Attraction_Review-g294229-d17713976
20	Maison Amare Studio	Toko Suvenir & Spesialisasi	Ya	Suvenir custom/merchandise (parfum custom)	Jl. Letjen S.Parman No.Kav 21 Mal Taman Anggrek, Lt. G, Jakarta, 11470	Jakarta Barat	Grogol Petamburan	-6.178342,106.792595	TripAdvisor	+62 823-1334-9096			Aktif	Studio parfum custom Korea (KPIA) di Mal Taman Anggrek — pengunjung meracik dan membawa pulang parfum sendiri sebagai suvenir/gift (sumber: maisonamare.com, corner.inc). Koordinat sangat cocok dengan lokasi Mal Taman Anggrek.	https://www.tripadvisor.com/Attraction_Review-g294229-d33053752
21	Neng Mae	Toko Suvenir & Spesialisasi	Ya	Oleh-oleh makanan (jajanan Betawi)	Jl. Rorotan IV No.51, RT.10/RW.06, Rorotan, Kec. Cilincing, Jkt Utara, Daerah Khusus Ibukota Jakarta 14140, Jakarta, 14140	Jakarta Utara	Cilincing	-6.151821,106.95545	TripAdvisor	+62 813-1211-6030			Aktif	"Toko oleh-oleh Jakarta ""Neng Mae"" (IG @nengmae.id, PIRT & Halal MUI, toko offline di Rorotan); juga terdaftar di GoFood/GrabFood sbg Jajanan Betawi Neng Mae"	https://www.tripadvisor.com/Attraction_Review-g294229-d34469473
22	Royalkueid	Toko Suvenir & Spesialisasi	Ya	Oleh-oleh makanan (bakpao gandum halal)	Pantai Indah Kapuk St. Fresh Market PIK, TP 22, Jakarta, 14470	Jakarta Utara	Penjaringan	-6.104652,106.74207	TripAdvisor	+62 813-8265-9808			Aktif	Usaha bakpao gandum halal (aneka rasa) di Fresh Market PIK, Kamal Muara, Penjaringan (sumber: instagram.com/royalkueid, youtube Royal Kue ID). Koordinat cocok dengan lokasi Fresh Market PIK.	https://www.tripadvisor.com/Attraction_Review-g294229-d32867928
23	Sidikalang Jaya Coffee Store	Toko Suvenir & Spesialisasi	Ya	Oleh-oleh makanan (kopi)	Jl. Seni Budaya Raya No.7A, Jakarta, 11460	Jakarta Barat	Grogol Petamburan		Koordinat TripAdvisor salah, belum ada koreksi	+62 816-1717-8119			Aktif	Toko kopi grosir/eceran sejak 1984; alamat terverifikasi di Jelambar Baru (dekat Jl. Jelambar Utara) tapi koordinat yang diberikan (-6.1878,106.79098) meleset ~4km dari pusat Jelambar Baru (~-6.150,106.783); tidak ditemukan koordinat pengganti presisi dari sumber tepercaya. Sumber infokopi.com.	https://www.tripadvisor.com/Attraction_Review-g294229-d20110209
24	Cikini Gold Center	Toko Suvenir & Spesialisasi	Sebagian	Perhiasan/emas	Jln. Pegangsaan Barat/Timur, Jakarta, 10320	Jakarta Pusat	Menteng	-6.198286,106.84164	TripAdvisor	+62 131 9090 88	4,0	322	Aktif	Pusat pertokoan emas/perhiasan 7 lantai (60+ toko), bukan suvenir turis tapi jadi daya tarik belanja; alamat & kec. dari Waze/KF Map (Jl. Pegangsaan Timur No.9, Menteng), koordinat cocok area Menteng	https://www.tripadvisor.com/Attraction_Review-g294229-d6725477
25	Tanah Abang Market	Pasar Loak & Pasar Jalanan	Sebagian	Tekstil/batik grosir	Jl. Fachrudin 5 Stasiun Pasarsenen, Jakarta, 10250	Jakarta Pusat	Tanah Abang	-6.187184,106.8153	TripAdvisor		3,8	307	Aktif	Pasar grosir pakaian & batik terbesar Jakarta; suvenir bukan fokus utama, lebih ke tekstil/fashion grosir. Sumber: Tripadvisor, Waze (Pasar Tanah Abang Blok A, Jl. K.H. Fachrudin)	https://www.tripadvisor.com/Attraction_Review-g294229-d3640861
26	Pasaraya, the Pride of Indonesia	Toko Suvenir & Spesialisasi	Sebagian	Pasar campuran (department store dgn batik/kerajinan)	Blok M Jln. Iskandarsyah II 2 Kebayoran Baru, Jakarta, 12160	Jakarta Selatan	Kebayoran Baru	-6.241865,106.800766	TripAdvisor	+62 622 18312674	3,9	74	Aktif	Department store lama (sejak 1958) di Jl Iskandarsyah II No.2, Kebayoran Baru; masih beroperasi (situs resmi pasaraya.id aktif) meski okupansi menurun. Sumber: pasaraya.id, kumparan.com.	https://www.tripadvisor.com/Attraction_Review-g294229-d3264840
27	Pasar Asemka	Toko Suvenir & Spesialisasi	Sebagian	Suvenir custom/merchandise & aksesori grosir	Jl. Raya Pantura, Jakarta, 11110	Jakarta Barat	Taman Sari	-6.138857,106.81249	TripAdvisor		3,9	43	Aktif	Pusat grosir aksesori & suvenir di Jl Asemka No.33, Pinangsia, Kec. Taman Sari; pengunjung menurun tapi masih beroperasi. Sumber: flokq.com, investortrust.id.	https://www.tripadvisor.com/Attraction_Review-g294229-d3845753
28	Mangga Dua Morning Market	Pasar Loak & Pasar Jalanan	Sebagian	Pasar campuran (fashion, kerajinan manik-manik, alat tulis)	Jl. Mangga Dua Raya, Jakarta, 14430	Jakarta Utara	Pademangan	-6.13629,106.821884	TripAdvisor	+021 600 4840	3,8	33	Aktif	Pasar grosir pakaian 5 lantai (Pasar Pagi Mangga Dua), kelurahan Ancol, kec. Pademangan, kodepos 14430; ada toko kerajinan manik-manik tapi mayoritas fashion grosir. Sumber: kumparan.com, idalamat.com	https://www.tripadvisor.com/Attraction_Review-g294229-d8330603
29	Pasar Ular	Toko Suvenir & Spesialisasi	Sebagian	Pasar campuran (pakaian/sepatu branded KW, aksesori)	Jln. Plumpang B, Jakarta, 14230	Jakarta Utara	Koja	-6.12357,106.90005	TripAdvisor		3,6	10	Aktif	Pasar di Jl Plumpang Semper/Inspeksi Kali Sunter, Rawa Badak Selatan, Kec. Koja; makin sepi pembeli namun masih buka per 2024-2025. Sumber: kompas.com, detik.com, beritajakarta.id.	https://www.tripadvisor.com/Attraction_Review-g294229-d3844811
30	Pasar Tebet Barat	Pasar Loak & Pasar Jalanan	Sebagian	Pasar campuran (kebutuhan sehari-hari, ada penjual suvenir kecil)	Jl. Tebet Barat Dalam Raya, Jakarta, 12810	Jakarta Selatan	Tebet	-6.23449,106.84656	TripAdvisor		4,0	3	Aktif	"Pasar tradisional harian; disebutkan ada ""souvenir vendors"" tapi mayoritas sembako/kuliner, bukan tujuan wisata suvenir. Alamat resmi: Jl. Tebet Barat Dalam Raya No.11, Kec. Tebet, Jakarta Selatan 12810 (pasarjaya.co.id). Sumber: flokq.com, saungmaman.com"	https://www.tripadvisor.com/Attraction_Review-g294229-d12459860
31	By The Sea Mall	Toko Suvenir & Spesialisasi	Sebagian	Distrik belanja lokal (fashion, kecantikan, F&B)	Pantai Maju Golf Island Pik Pik 2, Jakarta	Jakarta Utara	Penjaringan				4,5	2	Aktif	Kawasan belanja semi-outdoor di Golf Island/Pantai Maju, PIK2, kel. Kamal Muara; lat/lng tidak tersedia di data sumber sehingga tak bisa divalidasi; sumber: CNN Indonesia, Tempo, situs resmi Golf Island	https://www.tripadvisor.com/Attraction_Review-g294229-d25090320
32	Cocona Care	Toko Suvenir & Spesialisasi	Sebagian	Produk perawatan tubuh minyak kelapa (bisa jadi oleh-oleh)	Jl RS Fatmawati no. 39, Jakarta, 12430	Jakarta Selatan	Cilandak	-6.28647,106.79553	TripAdvisor	+62 21 75906515	4,5	2	Aktif	Toko produk body care berbahan virgin coconut oil, juga ada cabang Bali; alamat Jl. RS Fatmawati No.39 Cilandak (littlestepsasia.com, facebook.com/CoconaCareID)	https://www.tripadvisor.com/Attraction_Review-g294229-d11864940
33	Gema Collection	Toko Suvenir & Spesialisasi	Sebagian	Kain/tekstil (pasar campuran Mayestik)	Jl. Tebah III No.107 Mayestik Market, Jakarta, 12120	Jakarta Selatan	Kebayoran Baru				2,0	1	Tidak diketahui	Tenant di dalam Pasar Mayestik (pasar kain/tekstil), bukan toko suvenir spesifik; rating rendah (2.0, 1 ulasan) di TripAdvisor, tidak ditemukan situs/sosmed resmi untuk verifikasi lebih lanjut. Tidak ada lat/lng di data asal sehingga validitas koordinat tidak dapat dinilai.	https://www.tripadvisor.com/Attraction_Review-g294229-d28564979
34	Hublife Mall	Toko Suvenir & Spesialisasi	Sebagian	Pusat perbelanjaan campuran (F&B, ritel, ice-skating)	Jl. Tanjung Duren Timur No.2, Rt.12/rw.5, Tj. Duren Selatan, Jakarta, 11470	Jakarta Barat	Grogol Petamburan				4,0	1	Aktif	Mal di Tj. Duren Timur (Taman Anggrek Residences), kel. Tanjung Duren Selatan; lat/lng tidak tersedia di data sumber sehingga tak bisa divalidasi; sumber: hublife.co.id, TripAdvisor	https://www.tripadvisor.com/Attraction_Review-g294229-d25066794
35	KIRANA LIVIN at Alun Alun Indonesia	Toko Suvenir & Spesialisasi	Sebagian	Pasar campuran (kerajinan, batik, kuliner khas)	Grand Indonesia, West Mall, 3rd Floor, Jl. MH Thamrin No.1, RT.1/RW.5 Menteng, Jakarta, 10310	Jakarta Pusat	Menteng	-6.196113,106.822945	TripAdvisor	+62 21 23580890			Aktif	Merupakan bagian dari Alun Alun Indonesia, department store budaya Indonesia (fashion, perhiasan, kerajinan, kuliner) di lt.3 West Mall Grand Indonesia; sumber: grand-indonesia.com & tripadvisor	https://www.tripadvisor.com/Attraction_Review-g294229-d34473610
36	Cosma Studio.id	Toko Suvenir & Spesialisasi	?	?	Jl Mandala Utara IV No 26 Rt 6 Rw 6 Tomang, Jakarta, 11440	Jakarta Barat	Grogol Petamburan	-6.172637,106.79731	TripAdvisor	+62 811-1800-518			Tidak diketahui	"Tidak ditemukan info spesifik ttg ""Cosma Studio.id"" di Mandala Utara IV Tomang; tidak bisa diverifikasi jenis usahanya. Kecamatan dari alamat (Tomang) & kodepos 11440"	https://www.tripadvisor.com/Attraction_Review-g294229-d34469706
37	Gong-Ye	Toko Suvenir & Spesialisasi	?	?	Jl. Daan Mogot KM.1 No.45, Jakarta, 11470	Jakarta Barat	Grogol Petamburan	-6.16576,106.783295	TripAdvisor	+62 821-9601-5530			Tidak diketahui	Tidak ditemukan info memadai selain listing TripAdvisor (dikategorikan sbg museum di TripAdvisor ID, No.58/73 museum Jakarta); kecamatan dari kodepos 11470 (Grogol Petamburan)	https://www.tripadvisor.com/Attraction_Review-g294229-d34311250
38	Aneka Foto	Toko Suvenir & Spesialisasi	Tidak		Jl. Samanhudi No.19-20 Blok AKS Metro Atom Plaza, RT.20/RW.3, Ps. Baru, Jakarta, 10710	Jakarta Pusat	Sawah Besar	-6.1656,106.8306	Koreksi riset	+62 21 3457933	5,0	18	Aktif	Toko kamera & fotografi sejak 1991 di Metro Atom Plaza Pasar Baru, bukan toko suvenir (sumber: anekafoto.com, tripadvisor). Koordinat asli (-6.2838,106.7804) jauh dari Pasar Baru/Sawah Besar (sekitar 15km); koreksi ke titik Metro Atom Plaza Pasar Baru (perkiraan umum, belum diverifikasi presisi GPS).	https://www.tripadvisor.com/Attraction_Review-g294229-d28114445
39	Fish Market (Pasar Ikan)	Pasar Loak & Pasar Jalanan	Tidak		Jln. Sunda Kelapa, Jakarta, 14440	Jakarta Utara	Penjaringan	-6.12347,106.81047	TripAdvisor		3,7	17	Aktif	"Nama jalan/kawasan historis ""Jalan Pasar Ikan"" dekat Museum Bahari & Pelabuhan Sunda Kelapa, Kota Tua; bukan toko suvenir. Kecamatan dari kodepos 14440 (Penjaringan)"	https://www.tripadvisor.com/Attraction_Review-g294229-d379326
40	Rawa Belong Flower Market	Toko Suvenir & Spesialisasi	Tidak		Jalan Sulaiman Raya No.50, Jakarta, 11540	Jakarta Barat	Kebon Jeruk	-6.205949,106.77842	TripAdvisor		3,8	12	Aktif	Pasar bunga terbesar se-Asia Tenggara di Jl Sulaiman No.50/56, Sukabumi Utara, Kec. Kebon Jeruk; bukan toko suvenir. Koordinat input cocok dengan titik Google Maps. Sumber: google maps, wanderlog.com.	https://www.tripadvisor.com/Attraction_Review-g294229-d6598992
41	Galeries Lafayette	Toko Suvenir & Spesialisasi	Tidak		Pacific Place Mall, SCBD Jl. Jend. Sudirman, Jakarta	Jakarta Selatan	Kebayoran Baru	-6.22798,106.80896	TripAdvisor	+62 21 57973343	4,2	10	Aktif	Department store fashion mewah di Pacific Place, SCBD, Kel. Senayan, Kec. Kebayoran Baru; bukan toko suvenir/oleh-oleh, masih terdaftar aktif di direktori pacificplace.co.id. Sumber: pacificplace.co.id, map.co.id.	https://www.tripadvisor.com/Attraction_Review-g294229-d4424695
42	Electronic City	Toko Suvenir & Spesialisasi	Tidak		Jl. Jenderal Sudirman Kav. 52-53 Sudirman Central Business District, Jakarta, 12190	Jakarta Selatan	Kebayoran Baru	-6.2261,106.8114	Koreksi riset	+62 21 1500032	3,1	8	Aktif	Toko elektronik, bukan suvenir. Koordinat asal (-6.34,106.85) meleset jauh ke selatan (area Jagakarsa), lokasi asli SCBD Senayan/Kby Baru sekitar -6.226,106.811 (Google Maps via Wanderlog); reopening store dikonfirmasi Nov 2024	https://www.tripadvisor.com/Attraction_Review-g294229-d8403837
43	Gembrong Market	Toko Suvenir & Spesialisasi	Tidak		Jakarta, 13320	Jakarta Timur	Jatinegara				3,3	6	Aktif	Pasar mainan anak grosir/eceran di Jl Jend Basuki Rachmat, Prumpung/Cipinang Besar Utara, Kec. Jatinegara; bukan kategori suvenir wisata. Tidak ada koordinat pada data sumber sehingga tidak bisa divalidasi. Sumber: tribunjakarta.com, jejakpiknik.com.	https://www.tripadvisor.com/Attraction_Review-g294229-d6536286
44	Muara Baru Modern Fish Market	Pasar Loak & Pasar Jalanan	Tidak		Jl. Muara Baru Raya North Jakarta City, Jakarta, 14440	Jakarta Utara	Penjaringan	-6.12129,106.80384	TripAdvisor		3,8	5	Aktif	Pasar ikan modern (PIM), diresmikan 2019, bukan toko suvenir. Sumber: setkab.go.id, galontrip.wordpress.com	https://www.tripadvisor.com/Attraction_Review-g294229-d17531744
45	Pusat Promosi Ikan Hias Sumenep	Toko Suvenir & Spesialisasi	Tidak		Jln. Sumenep, Jakarta, 10310	Jakarta Pusat	Menteng	-6.19974,106.82537	TripAdvisor		3,6	5	Aktif	Sentra ikan hias di Jl Sumenep No.4, Kec. Menteng; bukan toko suvenir. Sumber: beritajakarta.id, tribunnews.com.	https://www.tripadvisor.com/Attraction_Review-g294229-d6579516
46	Chandraprima Money Changer	Toko Suvenir & Spesialisasi	Tidak		Wahid Hasyim street number 185. Tanah abang Afindo cargo room number 222, Jakarta, 10250	Jakarta Pusat	Tanah Abang	-6.187398,106.81649	TripAdvisor	+62 851-0368-7688	4,0	4	Aktif	Penukaran uang asing (money changer) di Gedung Afindo, Jl. K.H. Wahid Hasyim, kel. Kebon Kacang; punya situs resmi chandraprima.com dengan jam operasional; koordinat sesuai area Tanah Abang	https://www.tripadvisor.com/Attraction_Review-g294229-d25408428
47	Dayana TOBACCO	Toko Suvenir & Spesialisasi	Tidak		Jl. Iskandarsyah Raya no. 65 Hotel Grandhika Iskandarsyah - M Level, Jakarta, 12160	Jakarta Selatan	Kebayoran Baru	-6.244306,106.80375	TripAdvisor	+62 21 73910443	5,0	4	Aktif	Toko cerutu/tembakau premium est.1997 di Hotel GranDhika Iskandarsyah, Melawai; website dayanatobacco.com masih ada; kecamatan Kebayoran Baru dari kodepos 12160/lokasi hotel	https://www.tripadvisor.com/Attraction_Review-g294229-d12017934
48	Hype Festival	Pasar Loak & Pasar Jalanan	Tidak		Jln. Pantai Indah, Jakarta, 14420	Jakarta Utara	Penjaringan	-6.12155,106.83383	TripAdvisor	+62 852-1888-8810	3,8	4	Aktif	Bazaar/pop-up market bulanan (weekend) di kawasan Pantai Indah Kapuk berisi F&B dan fashion, bukan toko suvenir/kerajinan tetap. Sumber: Tripadvisor, kompas.com	https://www.tripadvisor.com/Attraction_Review-g294229-d8728059
49	Arafah Collection	Toko Suvenir & Spesialisasi	Tidak		Thamrin City Block C35 Nomor 18-21  Jln. Jakarta, Jakarta, 10730	Jakarta Pusat	Tanah Abang	-6.1913,106.8172	Koreksi riset	+62 21 31990936	4,0	1	Aktif	Toko busana muslim (gamis/abaya/kaftan gaya Timur Tengah) di Thamrin City Blok C35, Waduk Melati, Kec. Tanah Abang — bukan toko suvenir. Koordinat input meleset jauh (area Kembangan/Jakarta Barat), dikoreksi ke perkiraan lokasi Thamrin City (perkiraan, belum diverifikasi presisi). Sumber: trip.com, thamrincity.co.id.	https://www.tripadvisor.com/Attraction_Review-g294229-d5966692
50	BIASA Jakarta	Toko Suvenir & Spesialisasi	Tidak		Jl. Kemang Raya No.20, Jakarta, 12730	Jakarta Selatan	Mampang Prapatan	-6.259716,106.815125	TripAdvisor	+62 21 7182322	5,0	1	Aktif	Butik fashion resort-wear asal Bali (bukan toko oleh-oleh/suvenir); sumber biasagroup.com.	https://www.tripadvisor.com/Attraction_Review-g294229-d19453565
51	Bike Station	Toko Suvenir & Spesialisasi	Tidak		Jalan Asia Afrika No 32 Stc LG 34, Jakarta, 10270	Jakarta Pusat	Tanah Abang	-6.22728,106.79836	TripAdvisor	+62 21 57931891	4,0	1	Tidak diketahui	"Toko sepeda di STC Senayan; berita 2025 menyebut mayoritas toko sepeda ""high-end"" di STC sudah tutup, status spesifik Bike Station tidak terkonfirmasi. Sumber Kompas/Detik Ags 2025."	https://www.tripadvisor.com/Attraction_Review-g294229-d18841189
52	Florist Sedapmalam Mas Agung	Toko Barang Antik	Tidak		Jl. Sulaiman No.56 Blok B Lapak Sedapmalam, Rw.3, Sukabumi Utara, Kec. Kb. Jeruk, Kota Jakarta Barat, Daerah Khusus Ibukota Jakarta 11540, Jakarta, 11540	Jakarta Barat	Kebon Jeruk	-6.206067,106.77821	TripAdvisor	+62 852-1046-4090	5,0	1	Aktif	Penjual bunga sedap malam (florist), bukan suvenir; alamat & nama sesuai listing TripAdvisor & referensi toko bunga Kebon Jeruk	https://www.tripadvisor.com/Attraction_Review-g294229-d32814483
53	Immanuel Bookstore	Toko Suvenir & Spesialisasi	Tidak		Jalan Proklamasi 76, Jakarta, 10320	Jakarta Pusat	Menteng	-6.20287,106.84893	TripAdvisor	+62 21 3900790	5,0	1	Aktif	Toko buku rohani Kristen, bukan suvenir wisata; sumber immanuelbookstore.co.id (masih beroperasi, cabang Proklamasi sejak 1992).	https://www.tripadvisor.com/Attraction_Review-g294229-d13817991
54	Nonna Store PIK	Toko Suvenir & Spesialisasi	Tidak		Outer Ring Road Pantai Indah Kapuk, Food Plaza building Block A No 35-37, Jakarta, 14470	Jakarta Utara	Penjaringan	-6.103562,106.74109	TripAdvisor	+62 857-1549-0196	5,0	1	Tidak diketahui	Toko kosmetik/aksesoris (Nonna Cosmetic, produk Taiwan), bukan suvenir khas; kecamatan Penjaringan dari lokasi PIK/kodepos 14470, koordinat sesuai area PIK; tidak ada info status terkini yang bisa diverifikasi	https://www.tripadvisor.com/Attraction_Review-g294229-d9727715
55	Pecenongan Night Market	Pasar Loak & Pasar Jalanan	Tidak		Jl. Pecenongan, Jakarta, 10120	Jakarta Pusat	Gambir	-6.16222,106.82695	TripAdvisor		5,0	1	Aktif	Kawasan wisata kuliner malam (jajanan/makanan), bukan toko suvenir. Sumber: travel.detik.com, Tripadvisor	https://www.tripadvisor.com/Attraction_Review-g294229-d19090223
56	Pojahome Indonesia	Toko Suvenir & Spesialisasi	Tidak		Jl. H. Daud I 35c, Rt.2/rw.3, Sukabumi Sel., Kec. Kb. Jeruk Kota Jakarta Barat, Daerah Khusus Ibukota , Jakarta, 11560	Jakarta Barat	Kebon Jeruk	-6.20643,106.7747	TripAdvisor	+62 851-3312-5638	5,0	1	Aktif	Jasa desain interior & custom furniture (bukan toko suvenir), workshop di Kebon Jeruk sesuai alamat (sumber: pojahome.co.id). Koordinat plausibel untuk area Kebon Jeruk/Sukabumi Selatan.	https://www.tripadvisor.com/Attraction_Review-g294229-d32764882
57	Big Boy Looks Good	Toko Suvenir & Spesialisasi	Tidak		Jl Prof Dr. Satrio Kav 18, Jakarta, 12940	Jakarta Selatan	Setiabudi	-6.216613,106.81918	TripAdvisor	+62 857-7993-3198			Aktif	Merek/toko pakaian pria plus-size Indonesia (didirikan 2009), bukan toko suvenir; Jl. Prof. Dr. Satrio kel. Karet Kuningan masuk kec. Setiabudi; koordinat sesuai area Kuningan	https://www.tripadvisor.com/Attraction_Review-g294229-d26585518
58	Home Decor Indonesia	Toko Suvenir & Spesialisasi	Tidak		Jalan Rs Fatmawati No. 5a,c,d 1, Rt.1/rw.6, Gandaria Utara, Kec. Kebayoran. Baru, Kota Jakarta Selatan, Daerah Khusus Ibukota Jakarta 12140, Jakarta, 12140	Jakarta Selatan	Kebayoran Baru	-6.259873,106.79643	TripAdvisor	+62 818-0604-0506			Aktif	Toko interior/furnitur (gorden, sofa, wallpaper) sejak 1992, bukan suvenir; alamat & jam buka dikonfirmasi di homedecorindonesia.com dan mylifegb.com	https://www.tripadvisor.com/Attraction_Review-g294229-d33404716
59	Jakartanotebook Benhil	Toko Suvenir & Spesialisasi	Tidak		Bendungan Hilir Raya Blok G1 No. 10 Jakarta Pusat Seberang Geprek Bensu Benhil, Jakarta, 10210	Jakarta Pusat	Tanah Abang	-6.211045,106.812355	TripAdvisor	+62 896-1352-2200			Aktif	Cabang toko elektronik/notebook (bukan suvenir), Bendungan Hilir masuk kec. Tanah Abang; buka sejak 2022, aktif di Instagram/TikTok; koordinat sesuai area Benhil	https://www.tripadvisor.com/Attraction_Review-g294229-d26270726
60	Kuponhosting	Toko Barang Antik	Tidak		Jakarta Pusat, Jakarta	Jakarta Pusat	?	-6.180511,106.828384	TripAdvisor	+62 881-0235-15545			Tidak diketahui	"Nama & kategori (Antique Stores) tidak konsisten dgn ""Kuponhosting"" yg berasosiasi dgn situs kupon hosting (kuponhosting.com, domain dijual di Flippa); diduga listing spam/tidak valid, tidak dapat diverifikasi sbg toko nyata. Kecamatan tidak dapat ditentukan (alamat hanya ""Jakarta Pusat"")"	https://www.tripadvisor.com/Attraction_Review-g294229-d23760495
61	Nagarey	Toko Suvenir & Spesialisasi	Tidak		Jl. Jalur 20 No.9, RT.4/RW.10 Meruya Utara, Jakarta, 11650	Jakarta Barat	Kembangan	-6.197569,106.72874	TripAdvisor	+62 822-1076-9566			Aktif	Toko furnitur & dekorasi rumah custom (rustic), bukan toko suvenir untuk wisatawan, di Meruya Utara, Kembangan (sumber: nagarey.com, topgoogle.com). Koordinat plausibel untuk area Meruya Utara.	https://www.tripadvisor.com/Attraction_Review-g294229-d32986329
62	Number 76 Jakarta	Toko Suvenir & Spesialisasi	Tidak		18 Parc Place Tower D, Ground Floor, Suite 2, Scbd, Jl. Jendral Sudirman Kav. 52-53, Rt.5/rw.3, Senayan, Kebayoran Baru, Kota Jakarta Selatan, Daerah Khusus Ibukota Jakarta 12190, Indonesia, Jakarta, 12190	Jakarta Selatan	Kebayoran Baru	-6.2251,106.809	Koreksi riset	+62 21 51401776			Aktif	Salon rambut Jepang (Number76), bukan suvenir; alamat Parc Place SCBD, Senayan masuk kec. Kebayoran Baru; grand reopening Okt 2025 jadi masih aktif. Koordinat sumber (-6.21462,106.84513) bergeser ~4km ke timur dari lokasi SCBD/Senayan sebenarnya (sekitar -6.225,106.809); koreksi adalah perkiraan area SCBD, bukan titik persis gedung	https://www.tripadvisor.com/Attraction_Review-g294229-d27720986
63	Pelangi Bunga	Toko Suvenir & Spesialisasi	Tidak		Jl. Budi Raya No.4C Kemanggisan, Jakarta, 11480	Jakarta Barat	Palmerah	-6.19302,106.78226	TripAdvisor	+62 813-1759-8383			Aktif	Toko bunga (florist), bukan suvenir; sumber Facebook pelangibungaid.	https://www.tripadvisor.com/Attraction_Review-g294229-d20254097
64	Samsung Mhi Itc Fatmawati	Toko Suvenir & Spesialisasi	Tidak		Itc Fatmawati Lt. 1 No 49-51, RT.3/RW.5, Cipete Utara, Kec. Kby. Baru, Kota Jakarta Selatan, Daerah Khusus Ibukota , Jakarta, 12150	Jakarta Selatan	Kebayoran Baru	-6.2825,106.7995	Koreksi riset	+62 811-8818-124			Aktif	Samsung Service Center (pusat servis HP/elektronik), bukan toko suvenir, di ITC Fatmawati Lt.1, Cipete Utara, Kebayoran Baru (sumber: servicesamsung.id, idalamat.com). Koordinat asli (lng 106.621) meleset jauh ke barat (~20km) dari ITC Fatmawati; koreksi ke perkiraan lokasi ITC Fatmawati (belum diverifikasi presisi GPS).	https://www.tripadvisor.com/Attraction_Review-g294229-d33225533
65	Shishaholic	Toko Suvenir & Spesialisasi	Tidak		Jl. Raya Condet No.5, RT.1/RW.16, Cililitan, KEC, Jakarta, 13640	Jakarta Timur	Kramat Jati	-6.26571,106.86111	TripAdvisor	+62 812-9587-0909			Tidak diketahui	"Lounge/toko shisha (bukan suvenir); alamat Jl. Raya Condet, kel. Cililitan masuk kec. Kramat Jati (kodepos 13640), koordinat sesuai area tsb; sebuah blog lain menyebut ""Shishaholic"" berlokasi di selatan kota — kemungkinan beda tempat/tidak konsisten, status operasional tidak bisa dipastikan dari sumber yang ada"	https://www.tripadvisor.com/Attraction_Review-g294229-d27508964
66	Toko Board Game	Toko Suvenir & Spesialisasi	Tidak		Jl. Kerajinan I no. 35, Jakarta, 11130	Jakarta Barat	Tamansari	-6.152825,106.81452	TripAdvisor	+62 878-8732-8782			Aktif	Toko board game (TBG), bukan suvenir; alamat Jl. Kerajinan I No.35 Keagungan, Kec. Tamansari (bkppkutim.com); masih berjualan aktif di Tokopedia (tokopedia.com/tokoboardgame)	https://www.tripadvisor.com/Attraction_Review-g294229-d12918278
67	Toko Buku Pak Pay	Toko Suvenir & Spesialisasi	Tidak		Jl. Kramat Raya No.2 Rt.2/rw.7, Jakarta, 10420	Jakarta Pusat	Senen		Koordinat TripAdvisor salah, belum ada koreksi	+62 878-8385-8604			Tidak diketahui	Toko buku (bukan suvenir); alamat Jl. Kramat Raya No.2 masuk kel. Kwitang, kec. Senen (dari kodepos 10420); tidak ditemukan hasil pencarian spesifik untuk memverifikasi keberadaan usaha ini. Koordinat sumber (-6.2959,106.81137) meleset ~13km dari lokasi Kramat Raya yang sebenarnya (sekitar -6.182,106.843); koreksi persis tidak dapat dipastikan sehingga dikosongkan	https://www.tripadvisor.com/Attraction_Review-g294229-d26806658
