No.	Nama Penyelenggara - Organizer	Nama Pertunjukan - Name of Performance	Tanggal Pertunjukan - Date of Performance	Tempat Pertunjukan - Place of Performance	Jenis Pertunjukan - Type of Performance	Jumlah Pengunjung - Number of Visitor	Keterangan - Notes	Sumber
1	Expoindo	Pasar Malam Empat Satoe Slank (HUT ke-41)	2025-01-04	JIExpo Kemayoran, Jakarta	Konser Musik Nasional (Rock/Pop)		Konser tunggal HUT ke-41 Slank	https://exhibition.jiexpo.com/slank-siap-rayakan-konser-empat-satoe-bersama-slankers/
2	Front Row Asia	Boney M. 50th Anniversary Tour Live in Jakarta	2025-01-10	Grand Ballroom Pullman Jakarta Central Park	Konser Musik Internasional (Disco/Pop)			https://www.tempo.co/teroka/boney-m-akan-gelar-konser-50-tahun-berkarya-di-jakarta-10-januari-2025-1167900
3	Live Nation, TEM Presents, PK Entertainment	Cigarettes After Sex - X's World Tour 2025 Live in Jakarta	2025-01-17	Beach City International Stadium (BCIS) Ancol	Konser Musik Internasional (Dream Pop/Indie)			https://www.pk-ent.com/concert/cigaretter-after-sex
4	Bank Mandiri	Konser Super Diva	2025-01-17	Indonesia Arena, GBK Senayan, Jakarta	Konser Musik Nasional (Pop)		Kolaborasi Krisdayanti, Ruth Sahanaya, Titi DJ, Lyodra, Tiara Andini, Ziva Magnolya	https://m.jpnn.com/news/bank-mandiri-hadirkan-konser-super-diva-di-indonesia-arena-gbk
5		INFINITE 15th Anniversary Concert: Limited Edition in Jakarta	2025-01-18	Tennis Indoor Senayan	Konser Musik Internasional (K-pop)	~5.000	kapasitas	https://www.socialexpat.net/list-of-k-pop-concerts-and-fan-meetings-in-indonesia-for-2025/
6		TAEYANG 2025 TOUR [THE LIGHT YEAR] in Jakarta	2025-01-25	Beach City International Stadium (BCIS) Ancol	Konser Musik Internasional (K-pop)			https://urbanvibes.id/index.php/2024/12/06/taeyang-konser-di-jakarta-bertemakan-the-light-year-pada-25-januari-2025/
7	PK Entertainment	Maroon 5 Asia 2025 - Jakarta	2025-02-01	Jakarta International Stadium (JIS)	Konser Musik Internasional (Pop/Rock)			https://www.tempo.co/teroka/maroon-5-konser-di-jakarta-1-februari-2025-ketiga-kali-berkunjung-ke-indonesia-1201096
8	Nonton Lagu by Kantara Creative	Konser Bingah Yura Yunita	2025-02-02	Istora Senayan, Jakarta	Konser Musik Nasional (Pop)	6.500	sold out; kapasitas	https://www.liputan6.com/showbiz/read/5903075/tiket-konser-yura-yunita-sold-out-6500-penonton-siap-padati-istora-senayan-jakarta
9		KYUHYUN COLORS Asia Tour in Jakarta	2025-02-08	The Kasablanka Hall	Konser Musik Internasional (K-pop)			https://www.suara.com/entertainment/2025/12/29/182500/tak-ada-bulan-sepi-ini-deretan-konser-k-pop-yang-siap-guncang-jakarta-sepanjang-2025
10		SEVENTEEN [RIGHT HERE] World Tour in Jakarta	2025-02-08	Jakarta International Stadium (JIS)	Konser Musik Internasional (K-pop)			https://www.kompas.com/hype/read/2025/02/08/122100566/rundown-konser-seventeen-right-here-in-jakarta-di-jis
11	Ravel Entertainment	The Corrs - From Jakarta with Love	2025-02-08	Beach City International Stadium (BCIS) Ancol	Konser Musik Internasional (Pop/Celtic Rock)	10.000+		https://kumparan.com/seputar-jakarta/rundown-konser-the-corrs-di-jakarta-2025-di-beach-city-international-stadium-24SDbhmySXn
12	Provaliant Group	The Jakarta 20th Toys & Comics Fair 2025	2025-02-08 s/d 2025-02-09	Kartika Expo Center, Balai Kartini, Jakarta Selatan	Pameran Mainan & Komik / Toys & Hobby Fair		Edisi ke-20; 200+ booth vendor	https://www.jakartatoysfair.id/
13	Pemkot Jakarta Barat / komunitas Pancoran Chinatown Glodok	Festival Cap Go Meh 2025 Glodok	2025-02-12	Pancoran Chinatown Point, Glodok, Jakarta Barat	Acara Budaya / Festival			https://barat.jakarta.go.id/berita/perayaan-cap-go-meh-2025-di-pancoran-chinatown-glodok-meriah
14	CK Star Entertainment	wave to earth 0.03 World Tour in Jakarta	2025-02-13	Istora Senayan	Konser Musik Internasional (K-pop)			https://www.kompas.com/hype/read/2025/02/13/185717066/wave-to-earth-gelar-konser-malam-ini-di-istora-senayan
15	Aloka	NIKI: Buzz World Tour Jakarta (Hari 1)	2025-02-14	Beach City International Stadium (BCIS) Ancol	Konser Musik Internasional (Pop)	~10.000	kapasitas	https://www.setlist.fm/setlist/niki/2025/beach-city-international-stadium-kota-administrasi-jakarta-utara-indonesia-7b5ee6dc.html
16	BPI (Yanti Airlangga), sutradara Hanung Bramantyo	Musikal Sinematik "City of Love"	2025-02-14	Plenary Hall, Jakarta Convention Center (JCC) Senayan	Teater / Drama Musikal			https://www.tvonenews.com/berita/300817-intip-pagelaran-musikal-sinematik-city-of-love-di-jcc
17		NCT 127 4th Tour 'NEO CITY – THE MOMENTUM' in Jakarta	2025-02-15	Indonesia Arena	Konser Musik Internasional (K-pop)	~16.500	kapasitas	https://www.socialexpat.net/list-of-k-pop-concerts-and-fan-meetings-in-indonesia-for-2025/
18	Ravel Entertainment	Green Day Live in Jakarta 2025	2025-02-15	Pantai Karnaval Ancol	Konser Musik Internasional (Punk Rock)	40.000	target promotor	https://www.jawapos.com/nasional/014981335/promotor-targetkan-40-ribu-penonton-pada-konser-green-day-di-pantai-carnaval-ancol
19	Mecima Pro / Color Asia Live	Hwang In Youp Fanmeeting Tour [IN LOVE] in Jakarta	2025-02-15	The Kasablanka Hall, Jakarta Selatan	Fan Meeting Hallyu (Aktor Korea)			https://www.tempo.co/hiburan/hwang-in-youp-buat-penggemar-jatuh-cinta-di-fan-meeting-jakarta-1207760
20	Aloka	NIKI: Buzz World Tour Jakarta (Hari 2)	2025-02-16	Beach City International Stadium (BCIS) Ancol	Konser Musik Internasional (Pop)	~10.000	kapasitas	https://www.setlist.fm/setlist/niki/2025/beach-city-international-stadium-jakarta-indonesia-735ee6d1.html
21	Live Nation, TEM Presents, PK Entertainment	Linkin Park - From Zero World Tour 2025 Live in Jakarta	2025-02-16	Stadion Madya Gelora Bung Karno (GBK)	Konser Musik Internasional (Rock/Nu-Metal)			https://www.tempo.co/teroka/linkin-park-akan-konser-di-stadion-madya-gbk-16-februari-2025-tiket-dijual-pekan-depan-1173455
22	Indonesian Fashion Chamber & Dyandra Promosindo	MUFFEST+ 2025 (Muslim Fashion Festival)	2025-02-20 s/d 2025-02-23	Hall A, Jakarta Convention Center (JCC) Senayan, Jakarta	Fashion / Peragaan Busana (Modest)		Edisi ke-10; ~130 brand & desainer	https://www.farah.id/read/2025/02/20/18211/muffest+-2025-resmi-dibuka
23	Alesana	Alesana - The Southeast Asia Tour 2025 Live in Jakarta	2025-02-21	Ballroom Kuningan City, Jakarta Selatan	Konser Musik Internasional (Post-Hardcore/Metalcore)			https://www.setlist.fm/setlist/alesana/2025/kuningan-city-ballroom-kota-administrasi-jakarta-selatan-indonesia-2b5dac62.html
24	Twilite Orchestra (Addie MS) x TipTip & East Ventures	Video Game Concert Volume II	2025-02-22	Tennis Indoor Senayan, Jakarta	Orkestra / Musik Klasik	3.000	perkiraan	https://www.detik.com/pop/music/d-7730678/addie-ms-twilite-orchestra-gelar-konser-video-game-concert-volume-ii
25	PK Entertainment / TEM Presents / Live Nation	keshi 'REQUIEM TOUR' in Jakarta 2025	2025-02-23	Istora Senayan	Konser Musik Internasional (Indie/Alternatif)		Opening act BOYLIFE	https://www.pk-ent.com/concert/keshi-requiem-world-tour
26		YOASOBI ASIA TOUR 2024-2025 in Jakarta	2025-02-26	Istora Senayan	Konser Musik Internasional (J-pop)			https://www.cnnindonesia.com/hiburan/20240827122803-227-1137983/yoasobi-akan-gelar-konser-2-hari-di-jakarta-pada-februari-2025
27	ArtSwara	Drama Musikal "MAR"	2025-02-26	Ciputra Artpreneur, Jakarta	Teater / Drama Musikal			https://www.ciputraartpreneur.com/events/detail/drama-musikal-mar
28	Jakarta Simfonia Orchestra (Dr. Stephen Tong)	Beethoven Symphony No. 4 & 6	2025-03-22	Aula Simfonia Jakarta, Kemayoran	Orkestra / Musik Klasik			https://aulasimfoniajakarta.com/id/events/beethoven-symphony-no-4-&-6
29		2025 JAY B CONCERT [TAPE:RE LOAD] in Asia - Jakarta	2025-04-05	The Kasablanka Hall	Konser Musik Internasional (K-pop)			https://www.socialexpat.net/list-of-k-pop-concerts-and-fan-meetings-in-indonesia-for-2025/
30	FriedRice Entertainment	2025 Yoo Yeon Seok Fanmeeting [The Secret Code: Y] in Jakarta	2025-04-05	JIExpo Theatre, Kemayoran, Jakarta Pusat	Fan Meeting Hallyu (Aktor Korea)		Stop terakhir tur Asia	https://yysjakarta.com/
31		TAEYEON CONCERT - The TENSE in Jakarta	2025-04-12	Indonesia Arena	Konser Musik Internasional (K-pop)	~16.500	kapasitas	https://www.socialexpat.net/list-of-k-pop-concerts-and-fan-meetings-in-indonesia-for-2025/
32		BOYNEXTDOOR [KNOCK ON] Vol.1 Tour in Jakarta	2025-04-12	Istora Senayan	Konser Musik Internasional (K-pop)			https://www.kompas.com/hype/read/2025/01/06/115818566/daftar-jadwal-konser-kpop-di-indonesia-sepanjang-2025
33	TMII (InJourney Destination Management)	Pesta Rakyat Nusantara 50 Tahun TMII — 500 anak menari Tarian Nusantara	2025-04-20	Plaza Keong Mas, Taman Mini Indonesia Indah (TMII), Jakarta Timur	Seni Tari	~50.000	perkiraan, 20 April 2025	https://injourneydestination.id/en/2025/04/20/kemeriahan-hut-ke-50-tmii-dengan-penampilan-500-anak-menarikan-tarian-nusantara/
34	Pemprov DKI Jakarta (Dinas Kebudayaan)	Lebaran Betawi 2025	2025-04-25 s/d 2025-04-26	Kawasan Monas, Jakarta Pusat	Seni Tradisional (Budaya Betawi)		Lenong, tanjidor, gambang kromong, palang pintu	https://www.tempo.co/hiburan/ragam-tradisi-dan-kesenian-di-lebaran-betawi-2025-1247731
35	Akselerasi Entertainment	M2M - The Better Endings Tour 2025 Live in Jakarta	2025-04-26	Ecovention Hall, Ancol, Jakarta Utara	Konser Musik Internasional (Pop)			https://www.setlist.fm/setlist/m2m/2025/hall-ecovention-kota-administrasi-jakarta-utara-indonesia-6b510e02.html
36	Color Asia Live	Boyce Avenue Live in Jakarta 2025	2025-04-27	Pullman Jakarta Central Park, Jakarta Barat	Konser Musik Internasional (Acoustic/Pop Rock)			https://www.bandsintown.com/e/106643654-boyce-avenue-at-pullman-jakarta-central-park
37	Museum MACAN	Kei Imazu: 'The Sea is Barely Wrinkled'	Mei 2025	Museum MACAN, Jakarta Barat	Seni Rupa / Pameran			https://www.detik.com/pop/culture/d-7801479/museum-macan-umumkan-3-pameran-seni-terbesar-sepanjang-2025
38		DAY6 3rd World Tour 'The DECADE' in Jakarta	2025-05-03	Jakarta International Stadium (JIS)	Konser Musik Internasional (K-pop)			https://www.kompas.com/hype/read/2025/01/06/115818566/daftar-jadwal-konser-kpop-di-indonesia-sepanjang-2025
39		2025 j-hope Tour 'HOPE ON THE STAGE' in Jakarta	2025-05-03	Indonesia Arena	Konser Musik Internasional (K-pop)	~16.500	kapasitas	https://www.setlist.fm/setlist/jhope/2025/indonesia-arena-jakarta-indonesia-b5d9566.html
40	New Art Collective (NAC)	Next to Normal (The Musical)	2025-05-07	Teater Wahyu Sihombing, Taman Ismail Marzuki (TIM)	Teater / Drama Musikal			https://www.lspr.ac.id/next-to-normal-teater-musikal-yang-mengangkat-tema-tentang-keluarga-dan-kesehatan-mental/
41	ADPRO	Musikal Bawang Merah Bawang Putih	2025-05-10	Galeri Indonesia Kaya, Jakarta Pusat	Teater / Drama Musikal		Musikal cerita rakyat (2 pertunjukan)	https://hypeabis.id/read/48545/cek-agenda-pentas-teater-musikal-menarik-sepanjang-mei-2025
42	Indonesia World Dance Festival (IWDF) / Pemprov DKI Jakarta	Indonesia World Dance Festival 2025	2025-05-11	Gelanggang Remaja Bulungan, Kebayoran Baru, Jakarta Selatan	Seni Tari	~800	peserta; 68 sanggar	https://era.id/nasional/177407/iwdf-2025-digelar-di-jakarta-68-sanggar-tari-jadi-peserta
43	Rajawali Indonesia Communication	Boyz II Men Live in Jakarta 2025	2025-05-21	Istora Senayan	Konser Musik Internasional (R&B)	~7.000	kapasitas	https://event.tempo.co/read/2009388/boyz-ii-men-gandeng-kahitna-di-jakarta
44	Jakarta Art House	Mamma Mia! The Musical Re-run 2025	2025-05-21 s/d 2025-06-01	Graha Bhakti Budaya, Taman Ismail Marzuki (TIM), Jakarta	Teater / Drama Musikal	12.000	14 pertunjukan; lisensi internasional, musik live ABBA	https://biz.kompas.com/read/2025/05/05/172905328/mamma-mia-the-musical-re-run-2025-hadirkan-14-pertunjukan-36-aktor-dan-nostalgia
45	Ciputra Artpreneur	Re-run Musikal Lutung Kasarung	2025-05-22	Ciputra Artpreneur, Jakarta	Teater / Drama Musikal			https://www.ciputraartpreneur.com/events/past-tag/musical-theater
46		Rossa - Here I Am Concert	2025-05-23	Indonesia Arena, GBK Senayan, Jakarta	Konser Musik Nasional (Pop)	12.000	sold out	https://www.tempo.co/teroka/rossa-manjakan-12-ribu-penonton-dalam-konser-here-i-am-1528206
47	Berlian Entertainment / Erajaya	SoundsFest 2025	2025-05-23 s/d 2025-05-25	Gambir Expo Kemayoran, JIExpo, Jakarta	Festival Musik (Multi-genre)		Edisi perdana Jakarta; 68 musisi; tema 'Magical Festival'	https://jakarta.akurat.co/lifestyle/110676/soundsfest-2025-resmi-hadir-di-jakarta-untuk-pertama-kalinya-pada-23-25-mei-nanti-simak-lineup-nya-berikut-ini
48	APPMI (Poppy Dharsono)	Indonesia Fashion Week (IFW) 2025	2025-05-28 s/d 2025-06-01	Jakarta Convention Center (JCC) Senayan, Jakarta	Fashion / Peragaan Busana		Tema 'Ronakultura Jakarta'; 200+ desainer	https://www.tempo.co/gaya-hidup/indonesia-fashion-week-2025-gandeng-200-desainer-1583496
49	Java Festival Production	BNI Java Jazz Festival 2025	2025-05-30 s/d 2025-06-01	JIExpo Kemayoran, Jakarta Pusat	Festival Musik (Jazz)			https://jakarta.akurat.co/lifestyle/1315791621/bni-java-jazz-festival-2025-kembali-hadir-di-jiexpo-kemayoran-pada-30-mei-hingga-1-juni-berikut-daftar-lineup-fase-pertama
50		NCT WISH Asia Tour 'Into the WISH' in Jakarta	2025-05-31	Tennis Indoor Senayan	Konser Musik Internasional (K-pop)	~5.000	kapasitas	https://www.socialexpat.net/list-of-k-pop-concerts-and-fan-meetings-in-indonesia-for-2025/
51	Antara Suara	.Feast - Pertunjukan Membangun & Menghancurkan	2025-05-31	Jakarta International Velodrome, Rawamangun, Jakarta Timur	Konser Musik Nasional (Rock)		sold out; 30.000 pendaftar pra-registrasi	https://www.detik.com/pop/music/d-7943378/feast-rayakan-kebangkitan-di-pertunjukan-membangun-menghancurkan
52	Dinas Kebudayaan DKI Jakarta	Festival Teater Tradisional Jakarta 2025	Juni 2025	Gedung Kesenian Jakarta, Jakarta Pusat	Seni Tradisional			https://seremonia.id/event/festival-teater-tradisional-2025-angkat-cerita-rakyat-jakarta-di-gedung-kesenian/
53	Sozo / AFA	Anime Festival Asia (AFA) Indonesia 2025	2025-06-06 s/d 2025-06-08	Jakarta Convention Center (JCC), Hall A, Senayan, Jakarta Pusat	Budaya Pop Jepang / Convention (ACG)		Edisi ke-9; ACG terbesar Asia Tenggara	https://animefestival.asia/afaid25/
54	FriedRice Entertainment	2025 BTOB FAN-CON '3,2,1 GO! MELympic' in Jakarta	2025-06-07	The Kasablanka Hall	Konser Musik Internasional (Fan-Con K-pop)			https://hypeabis.id/read/49285/6-konser-k-pop-fan-meeting-juni-2025-ada-babymonster-hingga-lee-do-hyun
55	Sepuluh Dua Empat (1024) x Seraya Live	Hindia - '25 On Blank Canvas	2025-06-07	Tennis Indoor Senayan, Jakarta	Konser Musik Nasional (Pop/Indie)		Showcase peluncuran mixtape	https://mediaaku.com/hindia-siap-memukau-jakarta-dengan-konser-intim-25-on-blank-canvas-pada-7-juni-2025/
56	Color Asia Live & Otello Asia	Heart & Soul Live in Jakarta 2025 (All-4-One & Brian McKnight)	2025-06-11	Tennis Indoor Senayan	Konser Musik Internasional (R&B)	~5.000	kapasitas	https://urbanvibes.id/2025/06/12/heart-soul-jakarta-2025-all-4-one-brian-mcknight-raisa-pukau-ribuan-penonton/
57	Delegasi Uni Eropa untuk Indonesia & lembaga kebudayaan Eropa	Europe on Screen 2025 (edisi ke-25)	2025-06-13 s/d 2025-06-22	Berbagai venue di Jakarta (kota utama, ~80% program)	Festival Film			https://www.eeas.europa.eu/delegations/indonesia/europe-screen-2025-celebrating-25-years-cinematic-exchange_en
58		2025 KAI (EXO) SOLO CONCERT TOUR <KAION> in Jakarta	2025-06-14	Tennis Indoor Senayan	Konser Musik Internasional (K-pop)		Konser solo perdana KAI di Jakarta	https://hypeabis.id/read/49285/6-konser-k-pop-fan-meeting-juni-2025-ada-babymonster-hingga-lee-do-hyun
59	Gaung Merah (Gudang Garam)	Konser Iwan Fals "Gaung Merah SeGALAnya"	2025-06-14	Eks Hanggar Teras Pancoran, Jakarta Selatan	Konser Musik Nasional (Balada/Pop)		Konser gratis; ribuan penonton	https://okjakarta.com/2025/06/konser-iwan-fals-dan-band-tkoos-jadi-epilog-spektakuler-di-ex-hanggar-teras-pancoran/
60	PT Jakarta International Expo (JIExpo) / Pemprov DKI Jakarta	Jakarta Fair Kemayoran 2025 (PRJ)	2025-06-19 s/d 2025-07-13	JIExpo Kemayoran, Jakarta Pusat	Acara Budaya / Pameran & Festival (rangkaian konser)	5.900.000	total pengunjung, sumber penyelenggara	https://www.jakartafair.co.id/post/jakarta-fair-kemayoran-2025-resmi-dibuka
61	JUNI Concert	Konser Tunggal Bernadya "Babak Penutup: Untungnya, Untungnya"	2025-06-20	Graha Bhakti Budaya, Taman Ismail Marzuki (TIM), Jakarta	Konser Musik Nasional (Pop)		Konser tunggal perdana	https://www.idntimes.com/hype/entertainment/harga-tiket-konser-bernadya-untungnya-untungnya-00-6x7yf-dv6lys
62	Visinema Studios & Indonesia Kaya	Musikal Keluarga Cemara 2025	2025-06-20 s/d 2025-07-13	Ciputra Artpreneur, Jakarta	Teater / Drama Musikal	~30.000	perkiraan, 30 pertunjukan; 30 pertunjukan	https://www.ciputraartpreneur.com/events/detail/musikal-keluarga-cemara-2025
63	Allo Bank / CT Corp	Allo Bank Festival 2025 (Jakarta)	2025-06-21 s/d 2025-06-22	Istora Senayan, Jakarta Pusat	Festival Musik (Multi-genre/Pop & K-Pop)			https://tirto.id/rundown-allo-bank-festival-2025-open-gate-cara-ke-venue-hdf6
64	Embassy of Italy & Italian Cultural Institute Jakarta	Bel Canto & Beyond: A Night at the Opera	2025-06-22	Gedung Kesenian Jakarta	Opera / Musik Klasik	~500+	perkiraan	https://winnicode.com/explore/berita/Budaya/warga-jakarta-haus-hiburan-berkualitas-a-night-at-the-opera-membludak-di-gedung-kesenian
65	Pemerintah Provinsi DKI Jakarta	Upacara & Pertunjukan Kolosal HUT ke-498 Jakarta (defile, tari kolosal Betawi)	2025-06-22	Kawasan Monumen Nasional (Monas), Jakarta Pusat	Seni Tradisional			https://megapolitan.kompas.com/read/2025/06/22/08360191/upacara-hut-jakarta-di-monas-dimeriahkan-defile-dan-tarian-kolosal
66	Pemprov DKI Jakarta (Dinas Kebudayaan)	Jakarnaval 2025	2025-06-22	Monas - Bundaran HI, Jakarta Pusat	Seni Tradisional / Karnaval Budaya		Karnaval budaya HUT ke-498 Jakarta	https://www.traveloka.com/id-id/explore/destination/daftar-event-acara-ulang-tahun-jakarta-2025-gt/592326
67		2025 STAYC TOUR [STAY TUNED] in Jakarta	2025-06-28	The Kasablanka Hall	Konser Musik Internasional (K-pop)			https://www.goersapp.com/blog/konser-kpop-jakarta-2025/
68		Lee Do Hyun Fanmeeting [Re DO HYUN] in Jakarta	2025-06-28	The Kasablanka Hall, Jakarta	Fan Meeting Hallyu (Aktor Korea)		Fan meeting perdana di Jakarta	https://www.tempo.co/hiburan/lee-do-hyun-gelar-fan-meeting-pertama-di-jakarta-28-juni-2025-1825294
69	Pemkot Jakarta Timur / Dinas Kebudayaan DKI	Festival Ondel-Ondel & Festival Palang Pintu 2025	2025-06-28	Taman Mini Indonesia Indah (TMII), Jakarta Timur	Seni Tradisional (Budaya Betawi)		Parade ondel-ondel, aksi palang pintu	https://www.tempo.co/hiburan/ragam-tradisi-dan-kesenian-di-lebaran-betawi-2025-1247731
70		Ailee: Ascend, Live in Jakarta	2025-07-05	The Kasablanka Hall	Konser Musik Internasional (K-pop)			https://www.liputan6.com/showbiz/read/6052051/bocoran-konser-ailee-ascend-live-in-jakarta-bakal-nyanyi-3-lagu-yang-belum-pernah-dibawakan-secara-live
71	Yayasan Indonesia Ballet / ballet.id	The Indonesian Ballet Gala 2025	2025-07-06	Graha Bhakti Budaya, Taman Ismail Marzuki (TIM)	Seni Tari			https://mediaindonesia.com/hiburan/788859/the-indonesian-ballet-gala-2025-tampilkan-bintang-balet-dunia
72	Pemerintah Provinsi DKI Jakarta	Jakarta dalam Warna (pagelaran tari kolosal Betawi & silat)	2025-07-06	Bundaran Hotel Indonesia (HI), Jakarta Pusat	Pertunjukan Budaya	7.000+	pengisi; 5.000 pesilat + 2.000 penari	https://www.jakarta.go.id/siaran-pers/5682-SP-HMS-07-2025
73	Jakarta Movin & Indonesia Kaya (Bakti Budaya Djarum Foundation)	Musikal Petualangan Sherina	2025-07-11	Graha Bhakti Budaya, Taman Ismail Marzuki (TIM)	Teater / Drama Musikal			https://www.djarumfoundation.org/aktivitas/musikal-petualangan-sherina-2025-kembali-hadir-merayakan-25-tahun-kisah-ikonik-di-panggung-pertunjukan-indonesia?lang=id
74	Dyandra Global Edutainment	2025 Jay Park World Tour [Serenades & Body Rolls] in Jakarta	2025-07-12	The Kasablanka Hall	Konser Musik Internasional (K-pop/Hip-Hop)		Tamu Ziva Magnolya & Ramengvrl	https://amp.kompas.com/hype/read/2025/07/12/193620166/jay-park-buka-konser-serenades-body-rolls-jakarta-dengan-ohx3
75	JUNI Records	Raisa - ambiVert Showcase	2025-07-23	Graha Bhakti Budaya, Taman Ismail Marzuki (TIM), Jakarta	Konser Musik Nasional (Pop)		Showcase peluncuran album kelima	https://jakarta.akurat.co/lifestyle/112995/raisa-ambivert-showcase-konser-dan-peluncuran-album-kelima-di-graha-bhakti-budaya-tim-pada-23-juli-2025-segini-harga-tiketnya
76	JF3 / Summarecon	JF3 Fashion Festival 2025	2025-07-24 s/d 2025-07-27	Summarecon Mall Kelapa Gading, Jakarta Utara	Fashion / Peragaan Busana		45+ desainer lokal & internasional; tema 'Recrafted'	https://www.indonesianjournal.id/jf3-fashion-festival-kembali-digelar-di-summarecon-mall-kelapa-gading-24-27-juli-2025/
77	Nadi Gallery	Ugo Untoro: 'Melukis Rintik yang Menolak Kering'	2025-07-24 s/d 2025-08-24	Nadi Gallery, Jakarta Barat	Seni Rupa / Pameran Tunggal		Pameran tunggal; kurator Sudjud Dartanto	https://www.kompas.id/artikel/pameran-tunggal-ugo-untoro-di-galeri-nadi
78	AEG Presents / TME Live / CK Star Entertainment	G-DRAGON 2025 WORLD TOUR [Übermensch] in Jakarta	2025-07-25	Indonesia Arena	Konser Musik Internasional (K-pop)	22.000	2 hari	https://www.cnnindonesia.com/hiburan/20250319111856-227-1210576/g-dragon-akan-konser-ubermensch-di-indonesia-arena-26-juli-2025
79	FriedRice Entertainment	2025 EVNNE Concert 'SET N GO' in Jakarta	2025-07-26	The Kasablanka Hall	Konser Musik Internasional (K-pop)		Penutup tur Asia	https://www.ntvnews.id/hiburan/0157179/pecah-evnne-sukses-gelar-konser-set-n-go-2025-di-jakarta-sebagai-penutup-tur-asia
80	54 Entertainment	La La Land in Concert	2025-07-26	JIExpo Kemayoran, Jakarta	Konser Musik Internasional (Film-Concert/Orkestra)		Iringan orkestra langsung (Twilite Orchestra); 2 pertunjukan	https://www.suara.com/entertainment/2025/08/17/093620/la-la-land-in-concert-sukses-pukau-ribuan-penonton-di-jiexpo-kemayoran-jakarta
81	Ciputra Artpreneur & Hi Jakarta Production	School of Rock: The Musical 2025	2025-07-26	Ciputra Artpreneur, Jakarta	Teater / Drama Musikal			https://www.ciputraartpreneur.com/events/detail/school-of-rock-the-musical-2025
82	Bengkelive / Bengkel Space SCBD	MALIQ & D'Essentials Intimate Concert (Bengkel SCBD 4th Anniversary)	2025-07-31	Bengkel Space, Fairgrounds SCBD, Jakarta Selatan	Konser Musik Nasional (Pop/Soul)		Intimate concert	https://matalelaki.com/event/read/bengkel-scbd-jakarta-4th-anniversary-day-1-maliq-d-essentials
83	Bozz Event (Soul 5.0)	Soul 5.0 with HONNE - The Ouch Tour	2025-08-02	The Kasablanka Hall	Konser Musik Internasional (Pop)			https://www.songkick.com/concerts/42650421-honne-at-kasablanka
84	Jakarta Concert Orchestra & The Resonanz (Avip Priatna)	Konser Simfoni untuk Bangsa 2025: 8 Dekade Musik Indonesia	2025-08-02	Graha Bhakti Budaya, Taman Ismail Marzuki (TIM)	Orkestra / Musik Klasik			https://www.kompas.com/hype/read/2025/08/02/183806766/konser-simfoni-untuk-bangsa-2025-hadirkan-perjalanan-musik-dalam-8-dekade
85	Art Moments Jakarta	Art Moments Jakarta 2025 (tema 'Restoration')	2025-08-07 s/d 2025-08-10	AGORA Exhibition Hall, Thamrin Nine, Jakarta Pusat	Seni Rupa / Art Fair			https://www.luxuo.com/culture/art/artmoments-jakarta-2025-returns-with-a-new-venue-and-renewed-focus.html
86	TServe / The Sounds Project	The Sounds Project 2025 (Vol. 8)	2025-08-08 s/d 2025-08-10	Ecovention & Ecopark Ancol, Jakarta Utara	Festival Musik (Multi-genre)			https://www.metrotvnews.com/read/b7WCgB7A-lebih-dari-110-musisi-meriahkan-the-sounds-project-2025
87	CK Star Entertainment	D.O. (EXO) ASIA TOUR 'DO it!' in Jakarta	2025-08-09	Indonesia Arena	Konser Musik Internasional (K-pop)	~16.500	kapasitas	https://www.kompas.com/hype/read/2025/08/09/192339566/do-exo-buka-konsernya-di-indonesia-arena-jakarta-annyeong-haseyo
88	Luppyverse Production	2025 Hyeri Fanmeeting Tour: Welcome to HYERI'S STUDIO in Jakarta	2025-08-09	The Kasablanka Hall, Jakarta Selatan	Fan Meeting Hallyu (Aktris/eks Girl's Day)		Fan meeting perdana di Jakarta	https://theseoulstory.com/upcoming-event-2025-hyeri-fanmeeting-tour-in-jakarta-welcome-to-hyeris-studio/
89	Teater Koma (sutradara Rangga Riantiarno)	Lakon "Mencari Semar" (produksi ke-235, HUT ke-48 Teater Koma)	2025-08-13	Ciputra Artpreneur, Jakarta	Teater / Drama Musikal			https://www.detik.com/pop/culture/d-8057708/teater-koma-siap-gelar-lakon-mencari-semar-13-17-agustus
90	Dyandra / LaLaLa Fest	LaLaLa Festival 2025	2025-08-22 s/d 2025-08-24	JIExpo Kemayoran, Jakarta Pusat	Festival Musik (Multi-genre, Internasional)			https://eventfest.id/events/lalala-festival-2025/
91	Galeri Cemara / komunitas fotografi	Rekam Jakarta 2025 - 'Metamorph'	2025-08-22 s/d 2025-08-28	Galeri Cemara, Menteng, Jakarta Pusat	Seni Rupa / Pameran Fotografi		Edisi ke-6; 53 fotografer	https://megapolitan.antaranews.com/berita/426601/wamenekraf-apresiasi-pameran-fotografi-rekam-jakarta-2025-sebagai-arsip-ibukota
92	Yayasan Sabang Merauke; musik oleh Jakarta Concert Orchestra (Avip Priatna)	Pagelaran Sabang Merauke 2025: The Indonesian Broadway — Hikayat Nusantara	2025-08-23	Indonesia Arena, GBK Senayan, Jakarta	Pertunjukan Budaya	~28.000	perkiraan; tiket ~92% terjual	https://lifestyle.bisnis.com/read/20250824/254/1905054/pagelaran-sabang-merauke-tampilkan-pertunjukan-kolosal-nan-megah
93		Ahn Hyo Seop Fanmeeting 'I Want to Say (Love, Jakarta)'	2025-08-23	Hall D2, JIExpo Kemayoran, Jakarta	Fan Meeting Hallyu (Aktor Korea)			https://exhibition.jiexpo.com/events/2025-ahn-hyo-seop-fanmeeting-i-want-to-say-love-jakarta/
94	Titimangsa & Bakti Budaya Djarum Foundation	Bunga Penutup Abad	2025-08-29	Ciputra Artpreneur, Jakarta	Teater / Drama Musikal			https://www.kompas.id/artikel/en-bunga-penutup-abad-kobarkan-perlawanan
95	New Live Entertainment	3553 Concert (Yuni Shara)	2025-08-30	Istora Senayan, Jakarta	Konser Musik Nasional (Pop)		Konser tunggal perdana	https://www.liputan6.com/showbiz/read/6148000/yuni-shara-sukses-gelar-konser-3553-di-istora-senayan-jakarta-diramaikan-nassar-hingga-ariel-noah
96	Forum Lenteng	ARKIPEL 2025 (ke-12) - 'Years of Living Dangerously'	2025-08-30 s/d 2025-09-14	Forum Lenteng & TMII, Jakarta	Festival Film (Dokumenter/Eksperimental)		80 film dari 26 negara; gratis	https://arkipel.org/
97	EKI Dance Company	Perempuan Punya Cerita (Musikal)	2025-09-04	Graha Bhakti Budaya, Taman Ismail Marzuki (TIM)	Teater / Drama Musikal			https://www.beritajakarta.id/potret-jakarta/album/18405/pertunjukan-musikal-perempuan-punya-cerita-di-graha-bhakti-budaya-tim
98	Museum Nasional Indonesia (Kementerian Kebudayaan)	Pembukaan Kembali & Pameran 'Sejarah Awal' (repatriasi fosil Java Man)	2025-09-04 s/d 2025-12-18	Museum Nasional Indonesia, Jakarta Pusat	Acara Budaya / Pameran Museum		Buka kembali 4 Sep; pameran 'Sejarah Awal' mulai 18 Des 2025	https://www.museumnasional.or.id/5375/
99	Boss Creator	Pestapora 2025	2025-09-05 s/d 2025-09-07	Gambir Expo & Hall D2, JIExpo Kemayoran, Jakarta	Festival Musik (Multi-genre)	~90.000-100.000	tiket terjual	https://hypeabis.id/read/41430/lebih-dari-90000-tiket-pestapora-selama-3-hari-sukses-terjual
100	PT Mega Bintang Investama	Konser Dewa 19 Featuring All Stars 2.0	2025-09-06	Stadion Utama Gelora Bung Karno (GBK), Senayan, Jakarta	Konser Musik Nasional (Rock/Pop)	60.000	perkiraan	https://soundcorners.com/sekitar-60-ribu-penonton-padati-konser-dewa-19-featuring-all-stars-2-0/
101	Plaza Indonesia	Plaza Indonesia Fashion Week (PIFW) 2025	2025-09-06 s/d 2025-09-14	The Warehouse, Plaza Indonesia, Jakarta Pusat	Fashion / Peragaan Busana		35 tahun PI; 35 fashion show + 3 kids + 1 special	https://daman.co.id/plaza-indonesia-fashion-week-2025-schedule
102	Kolam Ikan Creative Communication	Vina Panduwinata - The Untold Story Live in Concert	2025-09-12	Balai Sarbini, Jakarta	Konser Musik Nasional (Pop)			https://www.metrotvnews.com/play/K5nC7By5-vina-panduwinata-hibur-penggemar-lintas-generasi-lewat-the-untold-story-live-concert
103	Indonesian Contemporary Gamelan Ensemble / Salihara	Jakarta Contemporary Gamelan Festival 2025	2025-09-12 s/d 2025-09-13	Teater Salihara, Jakarta Selatan	Seni Tradisional / Gamelan		Edisi perdana; gamelan Jawa-Sunda-Bali & kontemporer	https://tiket.salihara.org/acara/jakarta-contemporary-gamelan-festival-2025-diversity-in-gamelan
104	JIPFest	Jakarta International Photo Festival (JIPFest) 2025 - 'Coexistence'	2025-09-12 s/d 2025-09-21	Galeri Emiria Soenassa & S. Sudjojono, Taman Ismail Marzuki, Jakarta	Seni Rupa / Festival Fotografi		300+ karya; 21 fotografer terpilih	https://jipfest.com/2025/05/call-for-submissions-photo-exhibition-at-jipfest-2025/
105		2025 B.I TOUR IN ASIA: The Last Parade Tour in Jakarta	2025-09-13	The Kasablanka Hall	Konser Musik Internasional (K-pop)			https://todaystage.com/articles/events/b-i-lights-up-jakarta-with-the-last-parade-tour-concert-at-kasablanka-hall/
106	JBL / PT Inti Megah Swara	JBL Festival 2025	2025-09-13	Istora Senayan, Jakarta	Festival Musik (Multi-genre)		Slank, Ari Lasso, Kotak, Tiara Andini	https://www.liputan6.com/showbiz/read/6154089/jbl-festival-2025-menyapa-istora-senayan-jakarta-13-september-ada-slank-hingga-ari-lasso
107	Ravel Entertainment	Muse: Live in Jakarta 2025	2025-09-19	Pantai Carnaval Ancol	Konser Musik Internasional (Rock)			https://www.muse.mu/tour-date/carnaval-ancol-jakarta-indonesia
108	Senayan City	Senayan City Fashion Nation XIX 2025	2025-09-19 s/d 2025-09-27	Main Atrium, Senayan City, Jakarta Selatan	Fashion / Peragaan Busana		Edisi ke-19; 3 maestro mode (Agus Lim, Rinaldy Yunardi, Tex Saverio)	https://lifestyle.kompas.com/read/2025/09/20/113500120/senayan-city-fashion-nation-ke-19-digelar-gandeng-3-maestro-fesyen
109	Prambors / Men's Biore	Awesome Skool Fest 2025	2025-09-20	Beach City International Stadium (BCIS) Ancol, Jakarta Utara	Festival Musik (Pop/Indie)		Hindia, .Feast, For Revenge, The Panturas	https://www.idntimes.com/hype/entertainment/harga-tiket-dan-line-up-awesome-skool-fest-2025-00-6x7yf-p8l2r8
110	Enjoy Live Experience & ImaginAction	Miliaran Cinta: Yovie Widianto - Andi Rianto Berkonser (Magenta Orchestra)	2025-09-21	Plenary Hall, Jakarta Convention Center (JCC) Senayan, Jakarta	Konser Orkestra Nasional		Tamu Kahitna, Isyana, Monita, dll	https://www.tempo.co/teroka/yovie-widianto-dan-andi-rianto-gelar-konser-21-september-2025-2063510
111	Rajawali Indonesia	Air Supply - Klakustik Live in Jakarta 2025 (Stage of Love)	2025-09-26	Tennis Indoor Senayan	Konser Musik Internasional (Soft Rock/Pop)	~5.200	kapasitas	https://www.kompas.id/artikel/en-udara-penuh-cinta-di-konser-air-supply
112		NCT DREAM THE DREAM SHOW 4: Dream The Future in Jakarta	2025-09-27	Jakarta International Stadium (JIS)	Konser Musik Internasional (K-pop)			https://mediaaku.com/konser-nct-dream-the-dream-show-4-siap-guncang-jakarta-27-28-september-2025/
113	Kiryu Entertainment	Jeff Satur 'Red Giant' Concert in Jakarta 2025	2025-09-27	Jakarta Concert Hall, Kebon Sirih, Jakarta Pusat	Konser Musik Internasional (T-pop/Thailand)			https://www.netralnews.com/jeff-satur-siap-guncang-jakarta-dengan-red-giant-concert-september-2025/TDY5QWNRVW9SU0ROVEZ6cFpkSTE3dz09
114	Erwin Gutawa Orchestra	Symphonesia: Bangga Indonesia	2025-09-27 s/d 2025-09-28	Ciputra Artpreneur, Jakarta	Orkestra / Musik Klasik		2 hari, 4 show; Once Mekel, Putri Ariani, dll	https://www.ciputraartpreneur.com/events/detail/erwin-gutawa-orchestra-symphonesia-bangga-indonesia
115	Ciputra Artpreneur (Disney Concerts; Bandung Philharmonic)	Disney's Beauty and the Beast in Concert	2025-09-27	Ciputra Artpreneur, Jakarta	Orkestra / Musik Klasik			https://hypeabis.id/read/52557/hari-terakhir-disneys-beauty-and-the-beast-in-concert-hadir-di-ciputra-artpreneur
116	Galeri Indonesia Kaya & Paguyuban Wayang Orang Bharata	Pandawa Nawasena (pagelaran Wayang Orang Bharata lintas generasi)	2025-09-27	Galeri Indonesia Kaya, Grand Indonesia, Jakarta Pusat	Seni Tradisional			https://www.biem.co/read/2025/09/28/110413/paguyuban-wayang-orang-bharata-sukses-pentaskan-lakon-pandawa-nawasena-sebuah-karya-seni-tradisi-lintas-generasi/
117	Jakarta World Cinema	Jakarta World Cinema (JWC) 2025	2025-09-27 s/d 2025-10-04	CGV Grand Indonesia, Jakarta Pusat	Festival Film		185 film dari 66 negara	https://variety.com/2025/film/news/joachim-trier-jafar-panahi-jakarta-world-cinema-festival-1236500770/
118		Romansa ke Masa Depan (Konser Hologram Tribute Glenn Fredly)	2025-09-30	Puri Agung Convention Hall, Grand Sahid Jaya, Jakarta	Konser Musik Nasional (Pop/Tribute)		Konser hologram tribute Glenn Fredly	https://urbanvibes.id/index.php/2025/08/19/9092-20-agustus-2025-entertainment-romansa-ke-masa-depan-konser-hologram-glenn-fredly-di-grand-sahid-jaya-jakarta/
119	Salihara Arts Center	Jakarta Performing Arts Festival (JPAF) 2025	Oktober 2025	Teater Salihara, Jakarta Selatan	Seni Pertunjukan / Festival		Festival teater, musik, tari (tanggal pasti belum dikonfirmasi)	https://hijkt.com/jadwal-acara-seni-jakarta-2025-jangan-lewatkan/
120	Svara Production	SvaTheFest 2025	2025-10-01 s/d 2025-10-04	Gedung Kesenian Jakarta, Jakarta Pusat	Teater / Drama Musikal		Festival teater & musikal lintas generasi	https://www.liputan6.com/showbiz/read/6176476/svathefest-2025-sukses-digelar-di-jakarta-wadah-pergelaran-teater-hingga-musikal-lintas-generasi
121	Ravel Entertainment	Foo Fighters: Live in Jakarta 2025	2025-10-02	Pantai Carnaval Ancol	Konser Musik Internasional (Rock)			https://foojkt.com/
122	CK Star Entertainment	The Smashing Pumpkins: Rock Invasion 2025 Tour in Jakarta	2025-10-03	JIExpo Kemayoran (Hall A2-A3)	Konser Musik Internasional (Alternative Rock)			https://thesmashingpumpkinsjkt.com/
123	Demajors (Synchronize Festival)	Synchronize Fest 2025	2025-10-03 s/d 2025-10-05	Gambir Expo Kemayoran, Jakarta	Festival Musik (Multi-genre)			https://www.kompas.com/hype/read/2025/10/03/083123166/synchronize-fest-2025-dimulai-hari-ini-ratusan-musisi-meriahkan-gambir-expo
124	Mandala Media / Art Jakarta	Art Jakarta 2025	2025-10-03 s/d 2025-10-05	JIExpo Kemayoran (Hall C1, C3, B3)	Seni Rupa / Art Fair	~35.000-40.000	target penyelenggara	https://eventguide.id/2025/09/12/art-jakarta-2025-di-jiexpo-persembahkan-karya-seni-koleksi-75-galeri-dari-16-negara-catat-tanggalnya/
125	Bank Indonesia & Indonesian Fashion Chamber	IN2MOTIONFEST 2025 / ISEF (Indonesia Int'l Modest Fashion Festival)	2025-10-08 s/d 2025-10-12	JIExpo Convention Centre & Theatre, Kemayoran, Jakarta	Fashion / Peragaan Busana (Modest)		241 desainer lokal + 11 internasional; 1.175 karya	https://lifestyle.kompas.com/read/2025/10/08/203500320/in2motionfest-2025-pamerkan-karya-ratusan-desainer-lokal-dan-internasional
126	Madani International Film Festival	Madani International Film Festival 2025 (ke-8) - 'Misykat'	2025-10-08 s/d 2025-10-12	Taman Ismail Marzuki & bioskop di Jakarta	Festival Film		95 film dari 24 negara	https://www.kompas.com/hype/read/2025/10/07/210312466/madani-international-film-festival-hadirkan-95-film-dari-24-negara
127		Konser Untuk Korban Sakit Hati Banget - Jakarta (Juicy Luicy & Adrian Khalif)	2025-10-11	Jakarta International Velodrome, Rawamangun, Jakarta Timur	Konser Musik Nasional (Pop)		Co-headline; tamu Maliq & D'Essentials	https://event.detik.com/898/konser-untuk-korban-sakit-hati-banget---jakarta
128	Galeri Indonesia Kaya / Bakti Budaya Djarum Foundation	Indonesia Menari 2025 (#MenariDiMall)	2025-10-12	Grand Indonesia (West Mall), Thamrin, Jakarta Pusat	Seni Tari	8.000+	peserta menari	https://www.tempo.co/foto/arsip/indonesia-menari-2025-di-grand-indonesia-2078882
129	Galeri Nasional Indonesia (Kementerian Kebudayaan)	Pameran NYALA: 200 Tahun Perang Diponegoro	s/d 2025-10-15	Galeri Nasional Indonesia, Jakarta Pusat	Seni Rupa / Pameran		Berlangsung sepanjang 2025, diperpanjang hingga 15 Okt 2025	https://girlsbeyond.com/2025/10/02/lifestyle/5-pameran-seni-oktober-2025-di-jakarta-salah-satunya-ada-art-jakarta
130	Dinas Kebudayaan DKI Jakarta	Festival Teater Jakarta (FTJ) 2025	2025-10-16	Gedung Kesenian Jakarta, Jakarta Pusat	Teater / Festival		Festival teater tahunan Dinas Kebudayaan DKI	https://www.facebook.com/disbuddki/posts/805436175526578/
131	Color Asia Live	2025 PLAVE Asia Tour [DASH: Quantum Leap] in Jakarta	2025-10-18	Beach City International Stadium (BCIS) Ancol, Jakarta Utara	Konser Musik Internasional (K-pop virtual)		Konser virtual group pertama di Indonesia	https://www.tempo.co/teroka/plave-akan-konser-di-jakarta-pada-18-oktober-2025-2062660
132	Cosplay Expo	Cosplay Expo 2025: Invasion of GBK	2025-10-18 s/d 2025-10-19	Stadion Utama Gelora Bung Karno (GBK), Senayan, Jakarta Pusat	Budaya Pop / Cosplay (anime, manga, game, J-Pop)		Pertama kali di Stadion Utama GBK	https://holopis.com/2025/10/19/ribuan-karakter-fantasi-penuhi-gbk-di-cosplay-expo-2025/
133	Mecimapro	Han So Hee Fan Meeting 'Xohee Loved Ones' in Jakarta	2025-10-18	The Kasablanka Hall, Jakarta	Fan Meeting Hallyu (Aktor Korea)		Fan meeting perdana di Indonesia	https://www.suara.com/entertainment/2025/10/19/101252/fan-meeting-perdana-di-jakarta-disambut-antusias-han-so-hee-menangis-haru-hingga-janji-coba-seblak
134	Dinas Kebudayaan & Dinas Pariwisata DKI Jakarta	Jakarta Film Week 2025 (tema 'REIGNITE')	2025-10-22 s/d 2025-10-26	CGV Grand Indonesia, CGV FX Sudirman, TIM, dll (Jakarta)	Festival Film			https://en.wikipedia.org/wiki/2025_Jakarta_Film_Week
135	Otello Asia	With Love From BRI Presents Babyface - Live in Jakarta 2025	2025-10-25	Beach City International Stadium (BCIS) Ancol	Konser Musik Internasional (Pop/R&B)			https://mediaaku.com/konser-babyface-live-in-jakarta-siap-menyemarakan-beach-city-international-stadium-ancol-25-oktober-2025/
136	Smartfren / XLSMART	Malam 100 Cinta 2025 (Erwin Gutawa Orchestra)	2025-10-25	JIExpo Convention Centre & Theatre, Kemayoran, Jakarta	Konser Orkestra Nasional	2.400	perkiraan; Erwin Gutawa Orchestra ft. Tulus, Yura Yunita, Lyodra, dll	https://selular.id/2025/10/smartfren-sukses-gelar-malam-100-cinta-2025-di-jiexpo-kemayoran/
137	Panorama Media / MNC	myBCA Indonesia Comic Con x INACON 2025	2025-10-25 s/d 2025-10-26	Jakarta International Convention Center (JICC), Senayan, Jakarta Pusat	Budaya Pop / Convention (comic, anime, game)		Edisi ke-10; target 30.000-35.000 pengunjung	https://www.inilah.com/festival-pop-culture-terbesar-mybca-icc-x-inacon-2025-siap-digelar-akhir-pekan-ini
138	Jakarta Fashion Week (Femina Group / APPMI)	Jakarta Fashion Week (edisi ke-18, 'The Legacy of Style')	2025-10-27 s/d 2025-11-02	Pondok Indah Mall 3, Jakarta Selatan	Fashion			https://jtdapperfashionweek.com/2025/10/30/jakarta-fashion-week-2026-entitled-the-legacy-of-style/
139	iMe Indonesia	BLACKPINK WORLD TOUR [DEADLINE] in Jakarta	2025-11-01	Gelora Bung Karno (GBK)	Konser Musik Internasional (K-pop)	~110.000-120.000	2 hari, estimasi	https://www.thejakartapost.com/culture/2025/11/03/blackpink-turns-gbk-into-pink-dome-for-two-day-deadline-gig
140	Sound Rhythm & Mataloka	HYDE [INSIDE] LIVE 2025 WORLD TOUR in Jakarta	2025-11-01	Tennis Indoor Senayan	Konser Musik Internasional (J-Rock)			https://koranindopos.com/jakarta-bersiap-menyambut-hyde-tennis-indoor-senayan-sabtu-1-november-2025/
141	Color Asia Live	Nancy Ajram Live in Jakarta 2025	2025-11-05	Istora Senayan	Konser Musik Internasional (Arab Pop)		Diva Lebanon; kolaborasi Ayu Ting Ting	https://www.tempo.co/teroka/nancy-ajram-siap-hibur-penggemar-di-istora-senayan-malam-ini-2086702
142	Kementerian Perdagangan RI & Indonesian Fashion Chamber	Jakarta Muslim Fashion Week (JMFW) — digelar Nov 2025	2025-11-06 s/d 2025-11-09	Kartika Expo, Balai Kartini, Jakarta Selatan	Fashion / Peragaan Busana (Modest)	8.000	target; branded 'JMFW 2026' tapi fisik Nov 2025; 200+ brand, 100+ desainer	https://getimedia.id/2025/11/06/jakarta-muslim-fashion-week-2026-siap-digelar-hadirkan-ratusan-jenama-modest-fashion/
143	Kementerian UMKM & Kementerian BUMN	KOPLING 2025 (Koplo Keliling) Jakarta	2025-11-08 s/d 2025-11-09	Gambir Expo Kemayoran, JIExpo, Jakarta	Festival Musik (Dangdut/Koplo)		Edisi perdana Jakarta; 30+ penampil; 192 tenant UMKM	https://exhibition.jiexpo.com/events/kopling-2025-koplo-keliling/
144	Twilite Orchestra / Twilite Chorus (Addie MS)	Twilite Chorus 30th Anniversary Concert	2025-11-08	Aula Simfonia Jakarta, Kemayoran	Orkestra / Musik Klasik			https://www.aulasimfoniajakarta.com/en/events/twilite-chorus-30th-anniversary-concert
145		Maher Zain & Harris J Indonesia Tour	2025-11-09	Istora Senayan	Konser Musik Internasional (Islamic Pop)		Pembuka tur Indonesia	https://www.detik.com/pop/music/d-8201140/maher-zain-dan-ikatan-kuat-dengan-industri-musik-indonesia
146	EKI Foundation & Indonesia Kaya	Festival Musikal Indonesia (FMI) 2025 — 12 komunitas musikal	2025-11-14	Teater Jakarta, Taman Ismail Marzuki (TIM)	Teater / Drama Musikal			https://adv.kompas.id/baca/festival-musikal-indonesia-2025-kembali-hadirkan-ruang-inklusif-untuk-karya-kolaborasi-dan-kebudayaan/
147	RedLine	Konser Suarasmara (Andien)	2025-11-15	Istora Senayan, Jakarta	Konser Musik Nasional (Pop/Jazz)	5.000	kapasitas; perayaan 25 tahun karier	https://www.kompas.com/hype/read/2025/11/15/102054266/andien-gelar-konser-tunggal-suarasmara-hari-ini-di-istora
148	Étoile Dance Center & Ballet Manila	Balet Cinderella	2025-11-15	Ciputra Artpreneur, Jakarta	Seni Tari			https://urbanvibes.id/index.php/2025/11/15/balet-cinderella-etoile-x-ballet-manila-siap-memukau-jakarta-di-ciputra-artpreneur/
149	Jakarta Concert Orchestra, Batavia Madrigal Singers (Avip Priatna)	Opera Carmen (Bizet)	2025-11-15	Ciputra Artpreneur, Jakarta	Opera			https://www.nowjakarta.co.id/upcoming-events/bizets-carmen-comes-jakarta/
150		Lee Chae Min Fan Meeting Tour 'Chaem-into YOU' in Jakarta	2025-11-15	Balai Sarbini, Jakarta	Fan Meeting Hallyu (Aktor Korea)		Fan meeting perdana di luar Korea Selatan	https://www.idntimes.com/korea/kdrama/fanmeet-lee-chae-min-digelar-di-balai-sarbini-jakarta-pada-november-00-hwff8-cwxfqx
151		Konser 10 Tahun Sinestesia - Efek Rumah Kaca (IMUST 2025)	2025-11-19	Teater Wahyu Sihombing, Taman Ismail Marzuki (TIM), Jakarta	Konser Musik Nasional (Indie/Alternatif)		sold out; 10 tahun album Sinestesia	https://milenianews.com/hiburan/musik/efek-rumah-kaca-buka-imust-2025-dengan-konser-10-tahun-sinestesia/
152	WeTV	WeTV Always More (Fan Meeting Zhou Yiran & Meng Ziyi)	2025-11-19	Fairmont Hotel Jakarta, Jakarta Pusat	Fan Meeting Asia (Aktor Tiongkok)		Bintang tamu Meng Ziyi	https://todaystage.com/articles/events/wetv-always-more-2026-zhou-yiran-meng-ziyi-arrive-in-jakarta-as-wetv-prepares-to-launch-new-genres/
153	Komite FFI / Badan Perfilman Indonesia	Malam Anugerah Festival Film Indonesia (FFI) 2025 — Piala Citra	2025-11-20	Teater Jakarta, Taman Ismail Marzuki (TIM), Jakarta Pusat	Festival Film / Penghargaan			https://en.wikipedia.org/wiki/2025_Indonesian_Film_Festival
154		the 1/9 tour by eaJ in Jakarta	2025-11-21	Basket Hall GBK, Senayan	Konser Musik Internasional (K-pop)		eaJ (Jae, eks DAY6)	https://www.kapanlagi.com/korea/eaj-rilis-single-put-it-on-me-siap-gelar-konser-di-basket-hall-gbk-bulan-november-d6b095.html
155		Tiara Andini - Edelweiss Showcase 2025	2025-11-21	Balai Sarbini, Jakarta	Konser Musik Nasional (Pop)		Showcase album 'Edelweiss'; presale sold out	https://seremonia.id/event/tiara-andini-siap-gelar-edelweiss-showcase-2025-di-balai-sarbini-jakarta/
156	MEG Entertainment	The Paper Kites Live in Jakarta 2025	2025-11-26	The Kasablanka Hall	Konser Musik Internasional (Indie/Folk Rock)			https://artatix.co.id/event/the_paper_kites_jakarta
157	MMEG Entertainment	BLUE Live in Jakarta 2025 (25th Anniversary Tour)	2025-11-27	The Kasablanka Hall	Konser Musik Internasional (Pop)			https://artatix.co.id/event/blue-live-jakarta
158	ALOKA	Rich Brian - WHERE IS MY HEAD? (Asia Tour, Jakarta)	2025-11-29	Beach City International Stadium (BCIS) Ancol, Jakarta Utara	Konser Musik Nasional (Hip-Hop/Rap)		Musisi diaspora (88rising); kota pembuka tur Asia	https://www.loket.com/event/rich-brian-where-is-my-head-asian-tour-2025_kTD4
159	86 Production	Tipe-X "Tiga Dekade Berdanska" (30th Anniversary)	2025-11-29	Gambir Expo, JIExpo Kemayoran, Jakarta	Konser Musik Nasional (Ska)		30 tahun Tipe-X; peluncuran album ke-8	https://www.liputan6.com/showbiz/read/6216882/tipe-x-gelar-konser-tiga-dekade-berdanska-rayakan-30-tahun-berkarier-dan-jadi-raksasa-musik-ska
160	Plainsong Live (Joyland Festival)	Joyland Sessions Jakarta 2025	2025-11-29 s/d 2025-11-30	GBK City Park (Senayan), Jakarta Pusat	Festival Musik (Indie/Multi-genre)			https://indonesiaexpat.id/events/joyland-sessions-2025/
161	Museum MACAN	Olafur Eliasson: 'Your curious journey'	2025-11-29 s/d 2026-04-12	Museum MACAN, Jakarta Barat	Seni Rupa / Pameran			https://www.museummacan.org/exhibition/your-curious-journey
162	MEG Entertainment	Secondhand Serenade - Awake 20 Year Anniversary	2025-12-06	Tennis Indoor Senayan	Konser Musik Internasional (Pop/Rock)			https://artatix.co.id/event/secondhand_serenade_awake_20_year_anniversary_jakarta
163	Erwin Gutawa Orchestra	Symphonesia: Viral 100% Musik Indonesia	2025-12-09	Graha Bhakti Budaya, Taman Ismail Marzuki (TIM)	Orkestra / Musik Klasik			https://eventfest.id/berita/symphonesia-2025-hadirkan-konser-viral-bersama-erwin-gutawa-orchestra/
164	Windah Basudara x WCG / Motion IME	WCG x Motion IME Festival 2025	2025-12-12 s/d 2025-12-14	Gambir Expo & Hall D2, JIExpo Kemayoran, Jakarta Pusat	Budaya Pop / Gaming & Creator Festival	90.000	gaming, K-Pop, cosplay; 3 hari	https://eventguide.id/2025/12/14/wcg-x-motion-ime-2025-leburkan-berbagai-elemen-budaya-pop-secara-asyik/
165	Titimangsa & PENASTRI	Festival Teater Indonesia 2025 "Sirkulasi Ilusi"	2025-12-14	Graha Bhakti Budaya, Taman Ismail Marzuki (TIM)	Teater / Drama Musikal			https://www.detik.com/pop/culture/d-8260710/festival-teater-indonesia-2025-berlabuh-ke-jakarta
166	Detik Network / Soundrenaline	Soundrenaline 2025 (Sana Sini Jakarta)	2025-12-18 s/d 2025-12-21	Multi-distrik DKI Jakarta (Istora SCBD, Taman Peruri, Blok M)	Festival Musik (Multi-genre)			https://www.detik.com/pop/music/d-8254584/jadwal-lengkap-soundrenaline-2025-3-hari-di-3-tempat-dan-line-up-nya
167		Pamungkas Live at Bengkel Space	2025-12-19	Bengkel Space, SCBD, Jakarta Selatan	Konser Musik Nasional (Pop/Indie)			https://www.shazam.com/event/becac73e-3465-408e-b4fd-335753cbfd5e
168	Signature Time	Barasuara - Tur Album Showcase Jalaran Sadrah (Penutup Jakarta)	2025-12-20	Bali United Studio, Kuningan, Jakarta Selatan	Konser Musik Nasional (Rock/Alternatif)		Penutup tur album Jalaran Sadrah	https://dapurletter.id/2025/12/22/barasuara-tutup-tur-album-showcase-jalaran-sadrah-dengan-konser-meriah-di-jakarta/
169	JakJazz (Jakarta International Jazz Festival)	JakJazz 2025 (edisi ke-15)	2025-12-20	Senayan Park (SPARK), Jakarta	Festival Musik (Jazz)	4.500	kapasitas; kembali setelah vakum 6 tahun	https://en.antaranews.com/amp/news/382152/jakjazz-festival-returns-dec-20-after-six-year-hiatus
170	EXPOINDO	Big Bang Festival 2025	2025-12-24 s/d 2026-01-04	JIExpo Kemayoran, Jakarta	Festival Musik & Bazar (Multi-genre)		Edisi ke-8; konser multi-artis + bazar	https://www.antaranews.com/berita/5323861/big-bang-festival-2025-kembali-digelar-di-jiexpo-kemayoran
